week_end_date,Region,copies_per_day_per_person,population_covered,n_sites
2021-06-06,Auckland,10515,1355000,4
2021-06-06,Bay of Plenty,0,59000,1
2021-06-06,Canterbury,0,368000,1
2021-06-06,Waikato,0,169000,1
2021-06-06,Wellington,0,400000,4
2021-06-13,Auckland,11024,1355000,4
2021-06-13,Canterbury,194956,368000,1
2021-06-13,Otago,0,40000,1
2021-06-13,Waikato,0,169000,1
2021-06-13,Wellington,0,386000,3
2021-06-20,Auckland,10515,1355000,4
2021-06-20,Bay of Plenty,0,59000,1
2021-06-20,Canterbury,97478,368000,1
2021-06-20,Otago,0,40000,1
2021-06-20,Waikato,0,169000,1
2021-06-20,Wellington,0,386000,3
2021-06-27,Auckland,17882,1355000,4
2021-06-27,Bay of Plenty,0,59000,1
2021-06-27,Canterbury,0,368000,1
2021-06-27,Otago,0,40000,1
2021-06-27,Waikato,0,169000,1
2021-06-27,Wellington,0,449000,5
2021-07-04,Auckland,5257,1355000,4
2021-07-04,Bay of Plenty,0,59000,1
2021-07-04,Canterbury,0,368000,1
2021-07-04,Otago,0,40000,1
2021-07-04,Waikato,0,169000,1
2021-07-04,Wellington,0,449000,5
2021-07-11,Auckland,10515,1355000,4
2021-07-11,Bay of Plenty,0,59000,1
2021-07-11,Canterbury,0,368000,1
2021-07-11,Otago,0,40000,1
2021-07-11,Waikato,0,169000,1
2021-07-11,Wellington,0,386000,3
2021-07-18,Auckland,10515,1355000,4
2021-07-18,Bay of Plenty,0,59000,1
2021-07-18,Canterbury,0,368000,1
2021-07-18,Gisborne,0,37000,1
2021-07-18,Hawke's Bay,0,55000,1
2021-07-18,Manawatu-Whanganui,0,90000,1
2021-07-18,Nelson,0,26000,1
2021-07-18,Northland,0,65000,1
2021-07-18,Otago,0,124000,2
2021-07-18,Southland,0,50000,1
2021-07-18,Taranaki,0,88000,1
2021-07-18,Waikato,0,192000,2
2021-07-18,Wellington,91050,386000,3
2021-07-25,Auckland,28830,1355000,4
2021-07-25,Bay of Plenty,0,59000,1
2021-07-25,Canterbury,0,368000,1
2021-07-25,Gisborne,0,37000,1
2021-07-25,Hawke's Bay,0,55000,1
2021-07-25,Manawatu-Whanganui,0,90000,1
2021-07-25,Nelson,0,26000,1
2021-07-25,Northland,0,65000,1
2021-07-25,Otago,0,124000,2
2021-07-25,Southland,0,50000,1
2021-07-25,Taranaki,84830,88000,1
2021-07-25,Waikato,0,192000,2
2021-07-25,Wellington,0,386000,3
2021-08-01,Auckland,5257,1355000,4
2021-08-01,Bay of Plenty,0,59000,1
2021-08-01,Canterbury,0,368000,1
2021-08-01,Gisborne,0,37000,1
2021-08-01,Hawke's Bay,0,55000,1
2021-08-01,Manawatu-Whanganui,0,90000,1
2021-08-01,Nelson,0,26000,1
2021-08-01,Northland,0,65000,1
2021-08-01,Otago,0,124000,2
2021-08-01,Southland,0,50000,1
2021-08-01,Taranaki,0,109900,3
2021-08-01,Waikato,0,192000,2
2021-08-01,Wellington,0,386000,3
2021-08-08,Auckland,0,1355000,4
2021-08-08,Bay of Plenty,0,59000,1
2021-08-08,Canterbury,194956,368000,1
2021-08-08,Gisborne,0,37000,1
2021-08-08,Hawke's Bay,0,55000,1
2021-08-08,Manawatu-Whanganui,0,90000,1
2021-08-08,Nelson,0,26000,1
2021-08-08,Northland,0,65000,1
2021-08-08,Otago,0,124000,2
2021-08-08,Southland,0,50000,1
2021-08-08,Taranaki,0,88000,1
2021-08-08,Waikato,0,192000,2
2021-08-08,Wellington,0,386000,3
2021-08-15,Auckland,7010,1355000,4
2021-08-15,Bay of Plenty,0,174000,3
2021-08-15,Canterbury,0,368000,1
2021-08-15,Gisborne,0,37000,1
2021-08-15,Hawke's Bay,0,55000,1
2021-08-15,Manawatu-Whanganui,0,90000,1
2021-08-15,Nelson,0,26000,1
2021-08-15,Northland,0,65000,1
2021-08-15,Otago,0,124000,2
2021-08-15,Southland,0,50000,1
2021-08-15,Taranaki,0,88000,1
2021-08-15,Waikato,0,192000,2
2021-08-15,Wellington,0,386000,3
2021-08-22,Auckland,234984,1417780,11
2021-08-22,Bay of Plenty,0,184800,5
2021-08-22,Canterbury,61955,386000,2
2021-08-22,Gisborne,0,37000,1
2021-08-22,Hawke's Bay,0,66260,4
2021-08-22,Manawatu-Whanganui,0,155700,3
2021-08-22,Marlborough,0,36000,2
2021-08-22,Nelson,0,26000,1
2021-08-22,Northland,0,65000,1
2021-08-22,Otago,0,138500,3
2021-08-22,Southland,0,58000,2
2021-08-22,Taranaki,0,88000,1
2021-08-22,Waikato,0,224100,6
2021-08-22,Wellington,72021,420700,5
2021-08-22,West Coast,0,6000,2
2021-08-29,Auckland,513894,1386120,9
2021-08-29,Bay of Plenty,0,218920,9
2021-08-29,Canterbury,146565,489500,10
2021-08-29,Gisborne,0,37000,1
2021-08-29,Hawke's Bay,0,139400,3
2021-08-29,Manawatu-Whanganui,0,155700,3
2021-08-29,Marlborough,0,36000,2
2021-08-29,Nelson,0,86000,2
2021-08-29,Northland,0,101820,18
2021-08-29,Otago,0,205400,9
2021-08-29,Southland,0,60000,3
2021-08-29,Taranaki,0,114750,8
2021-08-29,Tasman,0,8300,1
2021-08-29,Waikato,0,271600,10
2021-08-29,Wellington,107017,479000,8
2021-08-29,West Coast,0,18900,4
2021-09-05,Auckland,189100,1427120,9
2021-09-05,Bay of Plenty,49287,225920,10
2021-09-05,Canterbury,0,479100,10
2021-09-05,Gisborne,0,37000,1
2021-09-05,Hawke's Bay,0,146260,5
2021-09-05,Manawatu-Whanganui,0,150500,3
2021-09-05,Marlborough,0,36000,2
2021-09-05,Nelson,0,26000,1
2021-09-05,Northland,0,105920,18
2021-09-05,Otago,0,190900,8
2021-09-05,Southland,0,52000,2
2021-09-05,Taranaki,0,114750,8
2021-09-05,Tasman,0,8300,1
2021-09-05,Waikato,0,275000,11
2021-09-05,Wellington,24331,481500,9
2021-09-05,West Coast,0,18900,4
2021-09-12,Auckland,375182,1385120,8
2021-09-12,Bay of Plenty,0,201100,8
2021-09-12,Canterbury,0,496200,10
2021-09-12,Gisborne,0,37000,1
2021-09-12,Hawke's Bay,0,141860,4
2021-09-12,Manawatu-Whanganui,0,171700,4
2021-09-12,Marlborough,0,36000,2
2021-09-12,Nelson,0,26000,1
2021-09-12,Northland,0,105020,17
2021-09-12,Otago,0,190900,8
2021-09-12,Southland,0,60000,3
2021-09-12,Taranaki,0,112500,5
2021-09-12,Waikato,0,261810,9
2021-09-12,Wellington,24331,481500,9
2021-09-12,West Coast,0,15000,2
2021-09-19,Auckland,102669,1449310,16
2021-09-19,Bay of Plenty,0,225920,10
2021-09-19,Canterbury,0,496200,10
2021-09-19,Gisborne,0,37000,1
2021-09-19,Hawke's Bay,0,146260,5
2021-09-19,Manawatu-Whanganui,0,171700,4
2021-09-19,Marlborough,0,36000,2
2021-09-19,Nelson,0,86000,2
2021-09-19,Northland,0,107350,19
2021-09-19,Otago,0,193400,8
2021-09-19,Southland,0,60000,3
2021-09-19,Taranaki,0,112500,5
2021-09-19,Waikato,0,266810,11
2021-09-19,Wellington,0,481500,9
2021-09-19,West Coast,0,10000,1
2021-09-26,Auckland,233422,1449310,16
2021-09-26,Bay of Plenty,25342,174000,3
2021-09-26,Canterbury,0,368000,1
2021-09-26,Gisborne,0,37000,1
2021-09-26,Hawke's Bay,0,135000,2
2021-09-26,Manawatu-Whanganui,0,134500,2
2021-09-26,Nelson,0,86000,2
2021-09-26,Northland,0,85500,5
2021-09-26,Otago,0,161500,4
2021-09-26,Southland,0,50000,1
2021-09-26,Taranaki,0,88000,1
2021-09-26,Waikato,0,245176,8
2021-09-26,Wellington,0,386000,3
2021-10-03,Auckland,316098,1449310,16
2021-10-03,Bay of Plenty,0,197900,8
2021-10-03,Canterbury,0,403000,2
2021-10-03,Gisborne,0,37000,1
2021-10-03,Hawke's Bay,0,139400,3
2021-10-03,Manawatu-Whanganui,0,134500,2
2021-10-03,Nelson,0,26000,1
2021-10-03,Northland,0,88800,8
2021-10-03,Otago,0,146900,3
2021-10-03,Southland,0,50000,1
2021-10-03,Taranaki,0,88000,1
2021-10-03,Waikato,0,254566,9
2021-10-03,Wellington,0,386000,3
2021-10-10,Auckland,247652,1449310,16
2021-10-10,Bay of Plenty,0,197900,8
2021-10-10,Canterbury,0,403000,2
2021-10-10,Gisborne,0,37000,1
2021-10-10,Hawke's Bay,0,139400,3
2021-10-10,Manawatu-Whanganui,229264,150500,3
2021-10-10,Nelson,0,26000,1
2021-10-10,Northland,0,93300,9
2021-10-10,Otago,0,165600,5
2021-10-10,Southland,0,50000,1
2021-10-10,Taranaki,0,88000,1
2021-10-10,Waikato,16591,279462,13
2021-10-10,Wellington,0,386000,3
2021-10-17,Auckland,392440,1449310,16
2021-10-17,Bay of Plenty,0,197900,8
2021-10-17,Canterbury,0,403000,2
2021-10-17,Gisborne,0,37000,1
2021-10-17,Hawke's Bay,0,139400,3
2021-10-17,Manawatu-Whanganui,0,134500,2
2021-10-17,Nelson,0,86000,2
2021-10-17,Northland,0,107450,19
2021-10-17,Otago,0,161500,4
2021-10-17,Southland,0,50000,1
2021-10-17,Taranaki,0,112500,5
2021-10-17,Waikato,47011,258410,8
2021-10-17,Wellington,0,386000,3
2021-10-24,Auckland,1185051,1449310,16
2021-10-24,Bay of Plenty,0,197900,8
2021-10-24,Canterbury,0,403000,2
2021-10-24,Gisborne,0,37000,1
2021-10-24,Hawke's Bay,0,139400,3
2021-10-24,Manawatu-Whanganui,0,134500,2
2021-10-24,Nelson,0,86000,2
2021-10-24,Northland,0,107550,19
2021-10-24,Otago,0,161500,4
2021-10-24,Southland,0,50000,1
2021-10-24,Taranaki,0,112500,5
2021-10-24,Waikato,160382,279396,12
2021-10-24,Wellington,0,386000,3
2021-10-31,Auckland,987561,1449310,16
2021-10-31,Bay of Plenty,20519,215120,8
2021-10-31,Canterbury,109914,460100,6
2021-10-31,Gisborne,0,37000,1
2021-10-31,Hawke's Bay,0,135000,2
2021-10-31,Manawatu-Whanganui,0,154500,4
2021-10-31,Marlborough,0,36000,2
2021-10-31,Nelson,0,26000,1
2021-10-31,Northland,6653,108050,20
2021-10-31,Otago,0,161500,4
2021-10-31,Southland,0,50000,1
2021-10-31,Taranaki,0,112500,5
2021-10-31,Waikato,337808,279396,12
2021-10-31,Wellington,0,435000,4
2021-11-07,Auckland,1029736,1449310,16
2021-11-07,Bay of Plenty,117250,218920,9
2021-11-07,Canterbury,77260,464300,8
2021-11-07,Gisborne,160797,37000,1
2021-11-07,Hawke's Bay,40272,146900,6
2021-11-07,Manawatu-Whanganui,0,175700,5
2021-11-07,Marlborough,0,36000,2
2021-11-07,Nelson,0,86000,2
2021-11-07,Northland,5663,108050,20
2021-11-07,Otago,0,165600,5
2021-11-07,Southland,0,50000,1
2021-11-07,Taranaki,52759,112500,5
2021-11-07,Waikato,187188,279396,12
2021-11-07,Wellington,0,435000,4
2021-11-14,Auckland,247412,1449310,16
2021-11-14,Bay of Plenty,77476,218920,9
2021-11-14,Canterbury,87258,411100,5
2021-11-14,Gisborne,0,37000,1
2021-11-14,Hawke's Bay,0,146900,6
2021-11-14,Manawatu-Whanganui,0,175700,5
2021-11-14,Marlborough,0,36000,2
2021-11-14,Nelson,0,26000,1
2021-11-14,Northland,32787,108050,20
2021-11-14,Otago,0,161500,4
2021-11-14,Southland,0,50000,1
2021-11-14,Taranaki,12842,114750,8
2021-11-14,Waikato,180734,279396,12
2021-11-14,Wellington,148805,455700,5
2021-11-14,West Coast,0,8900,3
2021-11-21,Auckland,1320806,1449310,16
2021-11-21,Bay of Plenty,500625,218920,9
2021-11-21,Canterbury,0,450200,8
2021-11-21,Gisborne,0,37000,1
2021-11-21,Hawke's Bay,0,146900,6
2021-11-21,Manawatu-Whanganui,47469,185851,8
2021-11-21,Marlborough,0,36000,2
2021-11-21,Nelson,0,26000,1
2021-11-21,Northland,18681,108050,20
2021-11-21,Otago,0,165600,5
2021-11-21,Southland,0,50000,1
2021-11-21,Taranaki,10247,114750,8
2021-11-21,Waikato,191594,282796,13
2021-11-21,Wellington,4467,485579,11
2021-11-21,West Coast,0,18900,4
2021-11-28,Auckland,1074811,1449310,16
2021-11-28,Bay of Plenty,259874,225920,10
2021-11-28,Canterbury,0,450200,8
2021-11-28,Gisborne,0,37000,1
2021-11-28,Hawke's Bay,0,147434,7
2021-11-28,Manawatu-Whanganui,9056,187481,9
2021-11-28,Marlborough,0,36000,2
2021-11-28,Nelson,0,26000,1
2021-11-28,Northland,15393,106320,19
2021-11-28,Otago,0,161500,4
2021-11-28,Southland,0,50000,1
2021-11-28,Taranaki,0,114750,8
2021-11-28,Tasman,0,8300,1
2021-11-28,Waikato,178815,290362,15
2021-11-28,Wellington,0,485579,11
2021-11-28,West Coast,0,18900,4
2021-12-05,Auckland,138852,330510,12
2021-12-05,Bay of Plenty,201698,225920,10
2021-12-05,Canterbury,108961,450200,8
2021-12-05,Gisborne,216258,37000,1
2021-12-05,Hawke's Bay,0,148534,8
2021-12-05,Manawatu-Whanganui,0,187481,9
2021-12-05,Marlborough,0,36000,2
2021-12-05,Nelson,59076,86000,2
2021-12-05,Northland,54290,108050,20
2021-12-05,Otago,0,165600,5
2021-12-05,Southland,0,50000,1
2021-12-05,Taranaki,130109,114750,8
2021-12-05,Tasman,0,8300,1
2021-12-05,Waikato,81348,282796,13
2021-12-05,Wellington,0,485579,11
2021-12-05,West Coast,0,18900,4
2021-12-12,Auckland,314771,1449310,16
2021-12-12,Bay of Plenty,706113,222120,9
2021-12-12,Canterbury,159360,450200,8
2021-12-12,Gisborne,342234,37000,1
2021-12-12,Hawke's Bay,0,148534,8
2021-12-12,Manawatu-Whanganui,35950,187481,9
2021-12-12,Marlborough,0,36000,2
2021-12-12,Nelson,110315,86000,2
2021-12-12,Northland,5893,108050,20
2021-12-12,Otago,0,165600,5
2021-12-12,Southland,0,50000,1
2021-12-12,Taranaki,65054,114750,8
2021-12-12,Tasman,0,8300,1
2021-12-12,Waikato,64076,290362,15
2021-12-12,Wellington,0,485579,11
2021-12-12,West Coast,0,18900,4
2021-12-19,Auckland,115080,1449310,16
2021-12-19,Bay of Plenty,2024244,222120,9
2021-12-19,Canterbury,106240,450200,8
2021-12-19,Gisborne,53599,37000,1
2021-12-19,Hawke's Bay,42107,140500,4
2021-12-19,Manawatu-Whanganui,2611,187481,9
2021-12-19,Marlborough,0,36000,2
2021-12-19,Nelson,25116,86000,2
2021-12-19,Northland,6071,108050,20
2021-12-19,Otago,0,161500,4
2021-12-19,Southland,0,50000,1
2021-12-19,Taranaki,173943,116757,9
2021-12-19,Tasman,0,8300,1
2021-12-19,Waikato,64130,282796,13
2021-12-19,Wellington,0,485579,11
2021-12-19,West Coast,0,18900,4
2021-12-26,Auckland,326841,1365220,8
2021-12-26,Bay of Plenty,1516318,222120,9
2021-12-26,Canterbury,75014,478200,9
2021-12-26,Gisborne,53599,37000,1
2021-12-26,Hawke's Bay,39829,148534,8
2021-12-26,Manawatu-Whanganui,0,187481,9
2021-12-26,Marlborough,0,36000,2
2021-12-26,Nelson,0,86000,2
2021-12-26,Northland,41285,106250,19
2021-12-26,Otago,0,161500,4
2021-12-26,Southland,0,50000,1
2021-12-26,Taranaki,6222,116757,9
2021-12-26,Tasman,0,8300,1
2021-12-26,Waikato,42368,266986,10
2021-12-26,Wellington,55566,485579,11
2021-12-26,West Coast,0,18900,4
2022-01-02,Auckland,170987,1431920,11
2022-01-02,Bay of Plenty,719111,107120,7
2022-01-02,Canterbury,160214,447800,7
2022-01-02,Gisborne,0,37000,1
2022-01-02,Hawke's Bay,80664,146683,7
2022-01-02,Manawatu-Whanganui,0,159700,4
2022-01-02,Marlborough,0,31000,1
2022-01-02,Nelson,0,26000,1
2022-01-02,Northland,71497,88800,8
2022-01-02,Otago,0,161500,4
2022-01-02,Southland,0,50000,1
2022-01-02,Taranaki,132711,112500,5
2022-01-02,Waikato,0,23000,1
2022-01-02,Wellington,75455,465779,9
2022-01-02,West Coast,0,10000,1
2022-01-09,Auckland,98046,287910,10
2022-01-09,Bay of Plenty,613231,222120,9
2022-01-09,Canterbury,77720,478200,9
2022-01-09,Gisborne,0,37000,1
2022-01-09,Hawke's Bay,0,148000,7
2022-01-09,Manawatu-Whanganui,0,159700,4
2022-01-09,Nelson,0,26000,1
2022-01-09,Northland,547,91200,10
2022-01-09,Otago,0,161500,4
2022-01-09,Southland,0,50000,1
2022-01-09,Taranaki,132711,112500,5
2022-01-09,Waikato,40794,265910,11
2022-01-09,Wellington,0,471579,10
2022-01-09,West Coast,0,10000,1
2022-01-16,Auckland,79099,306050,10
2022-01-16,Bay of Plenty,689929,225920,10
2022-01-16,Canterbury,0,450200,8
2022-01-16,Gisborne,0,37000,1
2022-01-16,Hawke's Bay,0,140500,4
2022-01-16,Manawatu-Whanganui,2611,187481,9
2022-01-16,Marlborough,0,36000,2
2022-01-16,Nelson,0,86000,2
2022-01-16,Northland,19016,103050,19
2022-01-16,Otago,0,165600,5
2022-01-16,Southland,0,50000,1
2022-01-16,Taranaki,0,116757,9
2022-01-16,Tasman,0,8300,1
2022-01-16,Waikato,47700,282052,13
2022-01-16,Wellington,56182,485579,11
2022-01-16,West Coast,0,8900,3
2022-01-23,Auckland,83618,292310,12
2022-01-23,Bay of Plenty,524307,218920,9
2022-01-23,Canterbury,0,478200,9
2022-01-23,Gisborne,70114,37000,1
2022-01-23,Hawke's Bay,221711,148000,7
2022-01-23,Manawatu-Whanganui,0,187481,9
2022-01-23,Marlborough,0,36000,2
2022-01-23,Nelson,0,86000,2
2022-01-23,Northland,12250,108050,20
2022-01-23,Otago,0,161500,4
2022-01-23,Southland,0,50000,1
2022-01-23,Taranaki,0,116757,9
2022-01-23,Tasman,156024,8300,1
2022-01-23,Waikato,58489,274486,11
2022-01-23,Wellington,66672,485579,11
2022-01-23,West Coast,0,8900,3
2022-01-30,Auckland,86199,1449310,16
2022-01-30,Bay of Plenty,325682,225920,10
2022-01-30,Canterbury,144666,478200,9
2022-01-30,Gisborne,151008,37000,1
2022-01-30,Hawke's Bay,65482,140500,4
2022-01-30,Manawatu-Whanganui,8721,187481,9
2022-01-30,Marlborough,0,36000,2
2022-01-30,Nelson,0,86000,2
2022-01-30,Northland,10609,108050,20
2022-01-30,Otago,0,165600,5
2022-01-30,Southland,0,50000,1
2022-01-30,Taranaki,63936,116757,9
2022-01-30,Tasman,156024,8300,1
2022-01-30,Waikato,64312,274486,11
2022-01-30,Wellington,72043,485579,11
2022-01-30,West Coast,0,18900,4
2022-02-06,Auckland,852900,1449310,16
2022-02-06,Bay of Plenty,336940,225920,10
2022-02-06,Canterbury,73351,479100,10
2022-02-06,Gisborne,96120,37000,1
2022-02-06,Hawke's Bay,129285,148317,9
2022-02-06,Manawatu-Whanganui,0,187481,9
2022-02-06,Marlborough,0,36000,2
2022-02-06,Nelson,0,86000,2
2022-02-06,Northland,4890,107350,19
2022-02-06,Otago,0,174800,6
2022-02-06,Southland,0,50000,1
2022-02-06,Taranaki,91952,116757,9
2022-02-06,Tasman,0,8300,1
2022-02-06,Waikato,114840,241286,9
2022-02-06,Wellington,97817,485579,11
2022-02-06,West Coast,0,8900,3
2022-02-13,Auckland,367333,333710,12
2022-02-13,Bay of Plenty,607636,225920,10
2022-02-13,Canterbury,148025,479100,10
2022-02-13,Gisborne,5946302,37000,1
2022-02-13,Hawke's Bay,137896,148957,10
2022-02-13,Manawatu-Whanganui,138828,187481,9
2022-02-13,Marlborough,234847,36000,2
2022-02-13,Nelson,0,86000,2
2022-02-13,Northland,163700,42350,18
2022-02-13,Otago,75293,174800,6
2022-02-13,Southland,0,50000,1
2022-02-13,Taranaki,459297,116757,9
2022-02-13,Tasman,0,8300,1
2022-02-13,Waikato,348920,249586,9
2022-02-13,Wellington,171327,485579,11
2022-02-13,West Coast,0,8900,3
2022-02-20,Auckland,701480,334310,13
2022-02-20,Bay of Plenty,2032186,225920,10
2022-02-20,Canterbury,463343,479100,10
2022-02-20,Gisborne,2161826,37000,1
2022-02-20,Hawke's Bay,535748,148957,10
2022-02-20,Manawatu-Whanganui,130222,187481,9
2022-02-20,Marlborough,326328,36000,2
2022-02-20,Nelson,2618228,86000,2
2022-02-20,Northland,447741,108050,20
2022-02-20,Otago,551531,178900,7
2022-02-20,Southland,0,50000,1
2022-02-20,Taranaki,136062,116757,9
2022-02-20,Tasman,1059113,8300,1
2022-02-20,Waikato,1117241,271600,10
2022-02-20,Wellington,340757,485579,11
2022-02-20,West Coast,0,8900,3
2022-02-27,Auckland,43349792,1449310,16
2022-02-27,Bay of Plenty,15564016,225920,10
2022-02-27,Canterbury,2735045,497100,11
2022-02-27,Gisborne,2497785,37000,1
2022-02-27,Hawke's Bay,2129273,148957,10
2022-02-27,Manawatu-Whanganui,1332346,185824,8
2022-02-27,Marlborough,1373581,36000,2
2022-02-27,Nelson,2780884,86000,2
2022-02-27,Northland,3977730,107350,19
2022-02-27,Otago,2815292,174800,6
2022-02-27,Southland,812563,50000,1
2022-02-27,Taranaki,2141047,116757,9
2022-02-27,Tasman,9663636,8300,1
2022-02-27,Waikato,2770444,249586,9
2022-02-27,Wellington,2972870,485579,11
2022-02-27,West Coast,0,8900,3
2022-03-06,Auckland,14711853,1449310,16
2022-03-06,Bay of Plenty,47952889,225920,10
2022-03-06,Canterbury,6149492,497100,11
2022-03-06,Gisborne,24169378,37000,1
2022-03-06,Hawke's Bay,8188832,148957,10
2022-03-06,Manawatu-Whanganui,19544144,171481,8
2022-03-06,Marlborough,4455348,36000,2
2022-03-06,Nelson,6992803,86000,2
2022-03-06,Northland,23386166,107350,19
2022-03-06,Otago,10414882,178900,7
2022-03-06,Southland,2173405,52000,2
2022-03-06,Taranaki,24692468,116757,9
2022-03-06,Tasman,20581110,8300,1
2022-03-06,Waikato,4642878,246186,8
2022-03-06,Wellington,21837751,485579,11
2022-03-06,West Coast,539596,18900,4
2022-03-13,Auckland,35486760,1449310,16
2022-03-13,Bay of Plenty,53271460,216820,8
2022-03-13,Canterbury,6794425,497100,11
2022-03-13,Gisborne,68680915,37000,1
2022-03-13,Hawke's Bay,44611594,148957,10
2022-03-13,Manawatu-Whanganui,26151551,187481,9
2022-03-13,Marlborough,9368811,36000,2
2022-03-13,Nelson,15326704,86000,2
2022-03-13,Northland,12730495,100530,12
2022-03-13,Otago,12451235,201300,8
2022-03-13,Southland,16034924,60000,3
2022-03-13,Taranaki,35660136,116757,9
2022-03-13,Tasman,22394213,8300,1
2022-03-13,Waikato,15436428,212986,6
2022-03-13,Wellington,44000325,485579,11
2022-03-13,West Coast,2029836,18900,4
2022-03-20,Auckland,4538584,1445380,14
2022-03-20,Bay of Plenty,49358262,225920,10
2022-03-20,Canterbury,11154817,497100,11
2022-03-20,Gisborne,29464072,37000,1
2022-03-20,Hawke's Bay,65901691,148957,10
2022-03-20,Manawatu-Whanganui,14791670,185824,8
2022-03-20,Marlborough,12424138,36000,2
2022-03-20,Nelson,11555565,86000,2
2022-03-20,Northland,5194284,100530,12
2022-03-20,Otago,13858750,193400,8
2022-03-20,Southland,12481162,60000,3
2022-03-20,Taranaki,18320723,116757,9
2022-03-20,Tasman,7717042,8300,1
2022-03-20,Waikato,15885218,253752,10
2022-03-20,Wellington,26091504,485579,11
2022-03-20,West Coast,3364948,18900,4
2022-03-27,Auckland,7715073,1445510,15
2022-03-27,Bay of Plenty,22330048,225920,10
2022-03-27,Canterbury,11710388,497100,11
2022-03-27,Gisborne,14742935,37000,1
2022-03-27,Hawke's Bay,21330598,148106,8
2022-03-27,Manawatu-Whanganui,16830713,185824,8
2022-03-27,Marlborough,25777444,31000,1
2022-03-27,Nelson,7823670,86000,2
2022-03-27,Northland,9530138,100530,12
2022-03-27,Otago,8227205,193400,8
2022-03-27,Southland,22400465,60000,3
2022-03-27,Taranaki,15325589,116757,9
2022-03-27,Tasman,29449548,8300,1
2022-03-27,Waikato,9425783,253752,10
2022-03-27,Wellington,14779962,485579,11
2022-03-27,West Coast,5045961,18900,4
2022-04-03,Auckland,6587001,1445510,15
2022-04-03,Bay of Plenty,30276593,225920,10
2022-04-03,Canterbury,9055330,497100,11
2022-04-03,Gisborne,18367269,37000,1
2022-04-03,Hawke's Bay,18508760,147857,9
2022-04-03,Manawatu-Whanganui,22720841,187481,9
2022-04-03,Marlborough,19695555,31000,1
2022-04-03,Nelson,6126462,86000,2
2022-04-03,Northland,10435029,92600,10
2022-04-03,Otago,12954314,193400,8
2022-04-03,Southland,38193143,60000,3
2022-04-03,Taranaki,23405983,106857,8
2022-04-03,Tasman,39156431,8300,1
2022-04-03,Waikato,9727226,243300,7
2022-04-03,Wellington,20410400,485579,11
2022-04-03,West Coast,4705922,18900,4
2022-04-10,Auckland,3997003,1445510,15
2022-04-10,Bay of Plenty,12322947,225920,10
2022-04-10,Canterbury,15355443,497100,11
2022-04-10,Gisborne,26306176,37000,1
2022-04-10,Hawke's Bay,12405322,148957,10
2022-04-10,Manawatu-Whanganui,13210439,187481,9
2022-04-10,Marlborough,14691888,36000,2
2022-04-10,Nelson,5015060,86000,2
2022-04-10,Northland,6276217,90630,10
2022-04-10,Otago,11529827,193400,8
2022-04-10,Southland,24750239,60000,3
2022-04-10,Taranaki,13481382,106857,8
2022-04-10,Tasman,929710,8300,1
2022-04-10,Waikato,2833450,246186,8
2022-04-10,Wellington,13241040,485579,11
2022-04-10,West Coast,11922798,16000,3
2022-04-17,Auckland,4961891,1403510,14
2022-04-17,Bay of Plenty,10294388,225920,10
2022-04-17,Canterbury,4168551,497100,11
2022-04-17,Gisborne,7566235,37000,1
2022-04-17,Hawke's Bay,13115371,148957,10
2022-04-17,Manawatu-Whanganui,10015323,169851,7
2022-04-17,Marlborough,23002812,36000,2
2022-04-17,Nelson,2857366,86000,2
2022-04-17,Northland,11013076,31030,10
2022-04-17,Otago,9470340,193400,8
2022-04-17,Southland,24419660,60000,3
2022-04-17,Taranaki,15463279,106857,8
2022-04-17,Tasman,20502187,8300,1
2022-04-17,Waikato,4657008,250866,9
2022-04-17,Wellington,9040805,485579,11
2022-04-17,West Coast,2292648,16000,3
2022-04-24,Auckland,5931265,1403510,14
2022-04-24,Bay of Plenty,15193751,225920,10
2022-04-24,Canterbury,8944994,497100,11
2022-04-24,Gisborne,8835046,37000,1
2022-04-24,Hawke's Bay,6349569,148957,10
2022-04-24,Manawatu-Whanganui,12704790,171481,8
2022-04-24,Marlborough,6309891,36000,2
2022-04-24,Nelson,17369309,26000,1
2022-04-24,Northland,10909615,95030,10
2022-04-24,Otago,13358477,189300,7
2022-04-24,Southland,23359056,60000,3
2022-04-24,Taranaki,23859764,106857,8
2022-04-24,Tasman,9630403,8300,1
2022-04-24,Waikato,3350018,253752,10
2022-04-24,Wellington,13949970,485579,11
2022-04-24,West Coast,4791413,18900,4
2022-05-01,Auckland,6811783,1403510,14
2022-05-01,Bay of Plenty,7883024,205820,6
2022-05-01,Canterbury,10682992,497100,11
2022-05-01,Gisborne,11271456,37000,1
2022-05-01,Hawke's Bay,11254136,148957,10
2022-05-01,Manawatu-Whanganui,8655201,171481,8
2022-05-01,Marlborough,2255388,31000,1
2022-05-01,Nelson,8382313,86000,2
2022-05-01,Northland,5217339,96030,11
2022-05-01,Otago,17553996,189300,7
2022-05-01,Southland,14616660,52000,2
2022-05-01,Taranaki,10215405,106857,8
2022-05-01,Tasman,15796865,8300,1
2022-05-01,Waikato,6443808,226086,7
2022-05-01,Wellington,10434302,485579,11
2022-05-01,West Coast,5951072,16000,3
2022-05-08,Auckland,2219642,1403510,14
2022-05-08,Bay of Plenty,7854867,225920,10
2022-05-08,Canterbury,17636381,497100,11
2022-05-08,Gisborne,6110889,37000,1
2022-05-08,Hawke's Bay,11190777,148957,10
2022-05-08,Manawatu-Whanganui,7629685,171481,8
2022-05-08,Marlborough,14702250,31000,1
2022-05-08,Nelson,8200199,86000,2
2022-05-08,Northland,3179078,100530,12
2022-05-08,Otago,17659075,193400,8
2022-05-08,Southland,10160877,60000,3
2022-05-08,Taranaki,7634368,116757,9
2022-05-08,Tasman,5604151,8300,1
2022-05-08,Waikato,3586449,250866,9
2022-05-08,Wellington,8495419,485579,11
2022-05-08,West Coast,36098175,6000,2
2022-05-15,Auckland,14428033,1403510,14
2022-05-15,Bay of Plenty,8218219,225920,10
2022-05-15,Canterbury,9910810,497100,11
2022-05-15,Gisborne,11965272,37000,1
2022-05-15,Hawke's Bay,9848349,148957,10
2022-05-15,Manawatu-Whanganui,8258745,171481,8
2022-05-15,Marlborough,17275610,36000,2
2022-05-15,Nelson,10434152,86000,2
2022-05-15,Northland,7267370,95030,10
2022-05-15,Otago,15925319,205400,9
2022-05-15,Southland,20284908,60000,3
2022-05-15,Taranaki,16200185,116757,9
2022-05-15,Tasman,41877803,8300,1
2022-05-15,Waikato,8990227,243300,7
2022-05-15,Wellington,15907709,485579,11
2022-05-15,West Coast,5983148,18900,4
2022-05-22,Auckland,8783232,1403510,14
2022-05-22,Bay of Plenty,12460524,225920,10
2022-05-22,Canterbury,21174637,497100,11
2022-05-22,Gisborne,11623190,37000,1
2022-05-22,Hawke's Bay,10828538,148957,10
2022-05-22,Manawatu-Whanganui,10258378,169824,7
2022-05-22,Marlborough,26153021,36000,2
2022-05-22,Nelson,6015506,86000,2
2022-05-22,Northland,3898950,79030,7
2022-05-22,Otago,14402740,193400,8
2022-05-22,Southland,7508730,60000,3
2022-05-22,Taranaki,12623721,116757,9
2022-05-22,Tasman,7721648,8300,1
2022-05-22,Waikato,14158322,243300,7
2022-05-22,Wellington,37423192,485579,11
2022-05-22,West Coast,7584677,18900,4
2022-05-29,Auckland,10993489,1403510,14
2022-05-29,Bay of Plenty,11330809,222120,9
2022-05-29,Canterbury,13997078,497100,11
2022-05-29,Gisborne,4587380,37000,1
2022-05-29,Hawke's Bay,9774591,148640,9
2022-05-29,Manawatu-Whanganui,12926769,169824,7
2022-05-29,Marlborough,17256563,36000,2
2022-05-29,Nelson,5001013,86000,2
2022-05-29,Northland,3173698,79030,7
2022-05-29,Otago,5967823,193400,8
2022-05-29,Southland,11079894,60000,3
2022-05-29,Taranaki,12827984,116757,9
2022-05-29,Tasman,2490575,8300,1
2022-05-29,Waikato,9025807,243300,7
2022-05-29,Wellington,15903524,485579,11
2022-05-29,West Coast,3244431,18900,4
2022-06-05,Auckland,5011832,1403510,14
2022-06-05,Bay of Plenty,7612169,225920,10
2022-06-05,Canterbury,14647440,469100,10
2022-06-05,Gisborne,3781318,37000,1
2022-06-05,Hawke's Bay,5880665,148957,10
2022-06-05,Manawatu-Whanganui,4622490,169851,7
2022-06-05,Marlborough,10984630,36000,2
2022-06-05,Nelson,5494766,86000,2
2022-06-05,Northland,5183941,79030,7
2022-06-05,Otago,6091660,193400,8
2022-06-05,Southland,3323255,60000,3
2022-06-05,Taranaki,7204108,116757,9
2022-06-05,Tasman,21646483,8300,1
2022-06-05,Waikato,4561403,243300,7
2022-06-05,Wellington,16213764,485579,11
2022-06-05,West Coast,8397761,16000,3
2022-06-12,Auckland,10425591,1403510,14
2022-06-12,Bay of Plenty,4925334,225920,10
2022-06-12,Canterbury,8911894,497100,11
2022-06-12,Gisborne,1811170,37000,1
2022-06-12,Hawke's Bay,8777403,148957,10
2022-06-12,Manawatu-Whanganui,7308231,171481,8
2022-06-12,Marlborough,15436385,36000,2
2022-06-12,Nelson,8812186,26000,1
2022-06-12,Northland,3652756,79030,7
2022-06-12,Otago,7287992,193400,8
2022-06-12,Southland,5627851,60000,3
2022-06-12,Taranaki,5290931,116757,9
2022-06-12,Tasman,6660216,8300,1
2022-06-12,Waikato,2740243,243300,7
2022-06-12,Wellington,8294916,485579,11
2022-06-12,West Coast,868900,18900,4
2022-06-19,Auckland,7514180,1449310,16
2022-06-19,Bay of Plenty,6013371,214920,8
2022-06-19,Canterbury,9827681,497100,11
2022-06-19,Gisborne,618370,37000,1
2022-06-19,Hawke's Bay,5760671,148957,10
2022-06-19,Manawatu-Whanganui,7126122,171481,8
2022-06-19,Marlborough,3685958,31000,1
2022-06-19,Nelson,10403131,86000,2
2022-06-19,Northland,1194017,79030,7
2022-06-19,Otago,6126938,193400,8
2022-06-19,Southland,4881793,60000,3
2022-06-19,Taranaki,4522053,116757,9
2022-06-19,Waikato,2279870,243300,7
2022-06-19,Wellington,8904468,485579,11
2022-06-19,West Coast,3907730,18900,4
2022-06-26,Auckland,8350085,1393480,11
2022-06-26,Bay of Plenty,4359321,225920,10
2022-06-26,Canterbury,12305923,497100,11
2022-06-26,Gisborne,1828497,37000,1
2022-06-26,Hawke's Bay,8201133,148957,10
2022-06-26,Manawatu-Whanganui,7310046,171481,8
2022-06-26,Marlborough,2579334,36000,2
2022-06-26,Nelson,8259417,86000,2
2022-06-26,Northland,1814697,79030,7
2022-06-26,Otago,7972299,193400,8
2022-06-26,Southland,7649235,60000,3
2022-06-26,Taranaki,5531713,106857,8
2022-06-26,Tasman,10345804,8300,1
2022-06-26,Waikato,2103607,243300,7
2022-06-26,Wellington,11458215,485579,11
2022-06-26,West Coast,2254331,18900,4
2022-07-03,Auckland,12824414,1403510,14
2022-07-03,Bay of Plenty,9113767,205820,6
2022-07-03,Canterbury,15437113,497100,11
2022-07-03,Gisborne,8456322,37000,1
2022-07-03,Hawke's Bay,21321686,148957,10
2022-07-03,Manawatu-Whanganui,6268815,171481,8
2022-07-03,Marlborough,10551464,36000,2
2022-07-03,Nelson,13794257,86000,2
2022-07-03,Northland,4279591,79030,7
2022-07-03,Otago,9926945,205400,9
2022-07-03,Southland,6201065,60000,3
2022-07-03,Taranaki,12226345,106857,8
2022-07-03,Tasman,13965111,8300,1
2022-07-03,Waikato,4644750,243300,7
2022-07-03,Wellington,13539687,485579,11
2022-07-03,West Coast,21088446,18900,4
2022-07-10,Auckland,22786128,1403510,14
2022-07-10,Bay of Plenty,30107255,225920,10
2022-07-10,Canterbury,29623623,497100,11
2022-07-10,Gisborne,12651090,37000,1
2022-07-10,Hawke's Bay,61853076,148957,10
2022-07-10,Manawatu-Whanganui,25802696,171481,8
2022-07-10,Marlborough,18416862,36000,2
2022-07-10,Nelson,23349886,86000,2
2022-07-10,Northland,13411405,79030,7
2022-07-10,Otago,33043325,205400,9
2022-07-10,Southland,18052805,60000,3
2022-07-10,Taranaki,49282274,106857,8
2022-07-10,Tasman,35743135,8300,1
2022-07-10,Waikato,9146956,243300,7
2022-07-10,Wellington,50596414,485579,11
2022-07-10,West Coast,13706059,18900,4
2022-07-17,Auckland,22469605,1393480,11
2022-07-17,Bay of Plenty,9727887,225920,10
2022-07-17,Canterbury,26942987,497100,11
2022-07-17,Gisborne,16949192,37000,1
2022-07-17,Hawke's Bay,24753069,148957,10
2022-07-17,Manawatu-Whanganui,6721203,171481,8
2022-07-17,Marlborough,7995292,36000,2
2022-07-17,Nelson,9300912,26000,1
2022-07-17,Northland,5468139,79030,7
2022-07-17,Otago,20742692,193400,8
2022-07-17,Southland,2855429,60000,3
2022-07-17,Taranaki,9649696,106857,8
2022-07-17,Tasman,8775338,8300,1
2022-07-17,Waikato,5014362,243300,7
2022-07-17,Wellington,34390227,485579,11
2022-07-17,West Coast,3935331,16000,3
2022-07-24,Auckland,14097061,332180,11
2022-07-24,Bay of Plenty,12343041,225920,10
2022-07-24,Canterbury,33767541,497100,11
2022-07-24,Gisborne,12217238,37000,1
2022-07-24,Hawke's Bay,19751193,148957,10
2022-07-24,Manawatu-Whanganui,10465188,171481,8
2022-07-24,Marlborough,13925252,36000,2
2022-07-24,Nelson,6145839,86000,2
2022-07-24,Northland,4593835,79030,7
2022-07-24,Otago,16643879,178900,7
2022-07-24,Southland,8483793,60000,3
2022-07-24,Taranaki,7651085,106857,8
2022-07-24,Tasman,15581371,8300,1
2022-07-24,Waikato,4875682,243300,7
2022-07-24,Wellington,22493955,485579,11
2022-07-24,West Coast,3982487,18900,4
2022-07-31,Auckland,30244418,1395610,13
2022-07-31,Bay of Plenty,13698068,225920,10
2022-07-31,Canterbury,23956622,494700,10
2022-07-31,Gisborne,4580768,37000,1
2022-07-31,Hawke's Bay,17139740,148957,10
2022-07-31,Manawatu-Whanganui,9120659,171481,8
2022-07-31,Marlborough,9764179,36000,2
2022-07-31,Nelson,12374294,26000,1
2022-07-31,Northland,8779378,79030,7
2022-07-31,Otago,12444261,193400,8
2022-07-31,Southland,17192679,60000,3
2022-07-31,Taranaki,10130661,106857,8
2022-07-31,Tasman,11990233,8300,1
2022-07-31,Waikato,10302663,243300,7
2022-07-31,Wellington,19833386,485579,11
2022-07-31,West Coast,7290793,18900,4
2022-08-07,Auckland,11056954,1403510,14
2022-08-07,Bay of Plenty,12483427,225920,10
2022-08-07,Canterbury,16360489,490800,9
2022-08-07,Gisborne,4871148,37000,1
2022-08-07,Hawke's Bay,11672189,143457,8
2022-08-07,Manawatu-Whanganui,9619866,171481,8
2022-08-07,Marlborough,6789000,36000,2
2022-08-07,Nelson,5002393,86000,2
2022-08-07,Northland,17684726,79030,7
2022-08-07,Otago,8673971,193400,8
2022-08-07,Southland,23831370,60000,3
2022-08-07,Taranaki,6972017,106857,8
2022-08-07,Tasman,1578224,8300,1
2022-08-07,Waikato,6092410,243300,7
2022-08-07,Wellington,11902576,485579,11
2022-08-07,West Coast,32145887,18900,4
2022-08-14,Auckland,14135734,1372580,10
2022-08-14,Bay of Plenty,11030842,225920,10
2022-08-14,Canterbury,8538067,493800,9
2022-08-14,Gisborne,8187822,37000,1
2022-08-14,Hawke's Bay,9449481,147857,9
2022-08-14,Manawatu-Whanganui,7589680,171481,8
2022-08-14,Marlborough,11959758,36000,2
2022-08-14,Nelson,8761677,86000,2
2022-08-14,Northland,7786097,74030,6
2022-08-14,Otago,8993676,205400,9
2022-08-14,Southland,18043309,60000,3
2022-08-14,Taranaki,8679040,106857,8
2022-08-14,Tasman,9361907,8300,1
2022-08-14,Waikato,5132639,243300,7
2022-08-14,Wellington,4995315,485579,11
2022-08-14,West Coast,5742519,13900,3
2022-08-21,Auckland,7507111,1393480,11
2022-08-21,Bay of Plenty,9284702,216820,8
2022-08-21,Canterbury,9709502,494700,10
2022-08-21,Gisborne,3427634,37000,1
2022-08-21,Hawke's Bay,7748950,147857,9
2022-08-21,Manawatu-Whanganui,4767975,171481,8
2022-08-21,Marlborough,7725982,31000,1
2022-08-21,Nelson,7527294,86000,2
2022-08-21,Northland,3920463,79030,7
2022-08-21,Otago,6418132,193400,8
2022-08-21,Southland,9719806,60000,3
2022-08-21,Taranaki,6061303,106857,8
2022-08-21,Waikato,9794062,243300,7
2022-08-21,Wellington,7009463,485579,11
2022-08-21,West Coast,3856700,11000,2
2022-08-28,Auckland,6653881,1393480,11
2022-08-28,Bay of Plenty,4788195,225920,10
2022-08-28,Canterbury,6506491,494700,10
2022-08-28,Gisborne,7910028,37000,1
2022-08-28,Hawke's Bay,3658955,147857,9
2022-08-28,Manawatu-Whanganui,2493701,171481,8
2022-08-28,Nelson,3715298,26000,1
2022-08-28,Northland,734137,74030,6
2022-08-28,Otago,4773460,193400,8
2022-08-28,Southland,4478218,60000,3
2022-08-28,Taranaki,9512776,106857,8
2022-08-28,Tasman,12301289,8300,1
2022-08-28,Waikato,3779695,243300,7
2022-08-28,Wellington,3334438,485579,11
2022-08-28,West Coast,3737675,11000,2
2022-09-04,Auckland,8672636,324280,10
2022-09-04,Bay of Plenty,2699520,225920,10
2022-09-04,Canterbury,4771263,492000,8
2022-09-04,Gisborne,824488,37000,1
2022-09-04,Hawke's Bay,2542129,147857,9
2022-09-04,Manawatu-Whanganui,3036383,171481,8
2022-09-04,Marlborough,3293176,36000,2
2022-09-04,Nelson,2812035,86000,2
2022-09-04,Northland,3487556,79030,7
2022-09-04,Otago,2245846,178900,7
2022-09-04,Southland,3107903,60000,3
2022-09-04,Taranaki,4775591,106857,8
2022-09-04,Waikato,1394595,243300,7
2022-09-04,Wellington,2754626,485579,11
2022-09-04,West Coast,620593,13900,3
2022-09-11,Auckland,6084629,1393480,11
2022-09-11,Bay of Plenty,4674984,225920,10
2022-09-11,Canterbury,4582084,492000,8
2022-09-11,Gisborne,3654478,37000,1
2022-09-11,Hawke's Bay,1280402,147857,9
2022-09-11,Manawatu-Whanganui,2443532,171481,8
2022-09-11,Marlborough,573178,36000,2
2022-09-11,Nelson,1755215,86000,2
2022-09-11,Northland,3686787,79030,7
2022-09-11,Otago,2812533,205400,9
2022-09-11,Southland,5218912,60000,3
2022-09-11,Taranaki,2447718,106857,8
2022-09-11,Tasman,3410686,8300,1
2022-09-11,Waikato,815407,243300,7
2022-09-11,Wellington,3277498,485579,11
2022-09-11,West Coast,210091,11000,2
2022-09-18,Auckland,6429958,1372580,10
2022-09-18,Bay of Plenty,2944153,216820,8
2022-09-18,Canterbury,4931340,492000,8
2022-09-18,Gisborne,7077892,37000,1
2022-09-18,Hawke's Bay,2096057,147857,9
2022-09-18,Manawatu-Whanganui,2343408,171481,8
2022-09-18,Marlborough,1936239,36000,2
2022-09-18,Nelson,3345943,86000,2
2022-09-18,Northland,3469023,74530,6
2022-09-18,Otago,3008795,193400,8
2022-09-18,Southland,1188051,60000,3
2022-09-18,Taranaki,1757991,106857,8
2022-09-18,Tasman,404592,8300,1
2022-09-18,Waikato,3878389,243300,7
2022-09-18,Wellington,3626822,485579,11
2022-09-18,West Coast,1139095,11000,2
2022-09-25,Auckland,2935318,1418380,12
2022-09-25,Bay of Plenty,5245706,225920,10
2022-09-25,Canterbury,2722211,492000,8
2022-09-25,Gisborne,4074217,37000,1
2022-09-25,Hawke's Bay,2905848,147857,9
2022-09-25,Manawatu-Whanganui,5397357,159700,4
2022-09-25,Marlborough,2872202,36000,2
2022-09-25,Nelson,2621791,86000,2
2022-09-25,Northland,1733849,79030,7
2022-09-25,Otago,2398714,193400,8
2022-09-25,Southland,1321658,60000,3
2022-09-25,Taranaki,1719471,106857,8
2022-09-25,Tasman,1548888,8300,1
2022-09-25,Waikato,1419786,243300,7
2022-09-25,Wellington,3234299,485579,11
2022-09-25,West Coast,174000,11000,2
2022-10-02,Auckland,3415172,1445380,14
2022-10-02,Bay of Plenty,4821892,225920,10
2022-10-02,Canterbury,4478832,492000,8
2022-10-02,Gisborne,2386832,37000,1
2022-10-02,Hawke's Bay,1148916,139400,3
2022-10-02,Manawatu-Whanganui,3248184,171481,8
2022-10-02,Marlborough,2694444,36000,2
2022-10-02,Nelson,4208722,26000,1
2022-10-02,Northland,6432546,7800,4
2022-10-02,Otago,2577694,193400,8
2022-10-02,Southland,2452280,60000,3
2022-10-02,Taranaki,1592494,102007,3
2022-10-02,Tasman,1563729,8300,1
2022-10-02,Waikato,5250571,243300,7
2022-10-02,Wellington,4536295,485579,11
2022-10-02,West Coast,1427838,11000,2
2022-10-09,Auckland,4972938,1444460,12
2022-10-09,Bay of Plenty,6523763,211120,7
2022-10-09,Canterbury,4239105,492000,8
2022-10-09,Gisborne,1360642,37000,1
2022-10-09,Hawke's Bay,1944264,147857,9
2022-10-09,Manawatu-Whanganui,3339959,171481,8
2022-10-09,Marlborough,4394899,36000,2
2022-10-09,Nelson,7833677,26000,1
2022-10-09,Northland,2292875,79030,7
2022-10-09,Otago,3696652,201300,8
2022-10-09,Southland,827801,60000,3
2022-10-09,Taranaki,3040139,102007,3
2022-10-09,Waikato,1428504,243300,7
2022-10-09,Wellington,6334630,485579,11
2022-10-09,West Coast,3406780,13900,3
2022-10-16,Auckland,4853295,1398660,10
2022-10-16,Bay of Plenty,9676077,216820,8
2022-10-16,Canterbury,6352822,492000,8
2022-10-16,Gisborne,5436568,37000,1
2022-10-16,Hawke's Bay,4497775,147434,7
2022-10-16,Manawatu-Whanganui,3523729,167054,6
2022-10-16,Marlborough,2806254,36000,2
2022-10-16,Nelson,4546493,86000,2
2022-10-16,Northland,607787,79030,7
2022-10-16,Otago,2873147,193400,8
2022-10-16,Southland,736367,60000,3
2022-10-16,Taranaki,3702849,102007,3
2022-10-16,Waikato,2152042,243300,7
2022-10-16,Wellington,13077907,485579,11
2022-10-16,West Coast,3427574,11000,2
2022-10-23,Auckland,5386772,1390760,9
2022-10-23,Bay of Plenty,4056406,216820,8
2022-10-23,Canterbury,2737544,492000,8
2022-10-23,Gisborne,4020679,37000,1
2022-10-23,Hawke's Bay,3205897,147857,9
2022-10-23,Manawatu-Whanganui,3865187,167054,6
2022-10-23,Marlborough,1303544,36000,2
2022-10-23,Nelson,3542376,26000,1
2022-10-23,Northland,3064849,79030,7
2022-10-23,Otago,3733161,193400,8
2022-10-23,Southland,4280602,60000,3
2022-10-23,Taranaki,4348475,102007,3
2022-10-23,Waikato,1880014,243300,7
2022-10-23,Wellington,12502908,485579,11
2022-10-23,West Coast,367076,11000,2
2022-10-30,Auckland,4185279,1436560,11
2022-10-30,Bay of Plenty,3787866,225920,10
2022-10-30,Canterbury,7123817,464000,7
2022-10-30,Gisborne,8406620,37000,1
2022-10-30,Hawke's Bay,7694712,144010,4
2022-10-30,Manawatu-Whanganui,10756683,167054,6
2022-10-30,Marlborough,960247,36000,2
2022-10-30,Nelson,3684867,86000,2
2022-10-30,Northland,2144512,74030,6
2022-10-30,Otago,4109439,193400,8
2022-10-30,Southland,6465712,60000,3
2022-10-30,Taranaki,3900768,102007,3
2022-10-30,Waikato,2015081,243300,7
2022-10-30,Wellington,12253779,485579,11
2022-10-30,West Coast,16073309,11000,2
2022-11-06,Auckland,2622286,1395560,11
2022-11-06,Bay of Plenty,2978336,225920,10
2022-11-06,Canterbury,6474632,492000,8
2022-11-06,Gisborne,2939641,37000,1
2022-11-06,Hawke's Bay,3554685,144010,4
2022-11-06,Manawatu-Whanganui,9728960,167054,6
2022-11-06,Marlborough,1107638,36000,2
2022-11-06,Nelson,3896892,86000,2
2022-11-06,Northland,987260,72300,5
2022-11-06,Otago,7533091,193400,8
2022-11-06,Southland,10166952,60000,3
2022-11-06,Taranaki,3571764,102007,3
2022-11-06,Waikato,2952051,223200,6
2022-11-06,Wellington,7967685,485579,11
2022-11-06,West Coast,6304864,11000,2
2022-11-13,Auckland,5773322,1390760,9
2022-11-13,Bay of Plenty,5158207,216820,8
2022-11-13,Canterbury,4686377,492000,8
2022-11-13,Gisborne,2832054,37000,1
2022-11-13,Hawke's Bay,5023890,144010,4
2022-11-13,Manawatu-Whanganui,6379534,167054,6
2022-11-13,Marlborough,1035653,36000,2
2022-11-13,Nelson,1867435,86000,2
2022-11-13,Northland,3109218,74030,6
2022-11-13,Otago,4149550,205400,9
2022-11-13,Southland,2397828,60000,3
2022-11-13,Taranaki,3379137,102007,3
2022-11-13,Tasman,156024,8300,1
2022-11-13,Waikato,1350341,243300,7
2022-11-13,Wellington,7596565,485579,11
2022-11-13,West Coast,1063323,11000,2
2022-11-20,Auckland,3058412,1394560,10
2022-11-20,Bay of Plenty,4635806,216820,8
2022-11-20,Canterbury,4072971,492000,8
2022-11-20,Gisborne,1537643,37000,1
2022-11-20,Hawke's Bay,3072536,144010,4
2022-11-20,Manawatu-Whanganui,3331478,167054,6
2022-11-20,Marlborough,3101942,36000,2
2022-11-20,Nelson,1734918,86000,2
2022-11-20,Northland,1381023,74030,6
2022-11-20,Otago,4450035,193400,8
2022-11-20,Southland,20023182,60000,3
2022-11-20,Taranaki,2600560,102007,3
2022-11-20,Tasman,350842,8300,1
2022-11-20,Waikato,2104990,243300,7
2022-11-20,Wellington,3856905,485579,11
2022-11-20,West Coast,1128686,16000,3
2022-11-27,Auckland,5817958,1436560,11
2022-11-27,Bay of Plenty,6423228,216820,8
2022-11-27,Canterbury,2718649,492000,8
2022-11-27,Gisborne,8886449,37000,1
2022-11-27,Hawke's Bay,9319861,144010,4
2022-11-27,Manawatu-Whanganui,3445667,167054,6
2022-11-27,Marlborough,2767392,36000,2
2022-11-27,Nelson,2669942,86000,2
2022-11-27,Northland,4971866,79030,7
2022-11-27,Otago,4664065,193400,8
2022-11-27,Southland,1213050,60000,3
2022-11-27,Taranaki,2687403,102007,3
2022-11-27,Waikato,2096208,243300,7
2022-11-27,Wellington,4744381,485579,11
2022-11-27,West Coast,1184344,16000,3
2022-12-04,Auckland,11893639,1436560,11
2022-12-04,Bay of Plenty,8802705,216820,8
2022-12-04,Canterbury,5237240,492000,8
2022-12-04,Gisborne,2399818,37000,1
2022-12-04,Hawke's Bay,7644616,144010,4
2022-12-04,Manawatu-Whanganui,6127953,167054,6
2022-12-04,Marlborough,3899819,36000,2
2022-12-04,Nelson,6793011,86000,2
2022-12-04,Northland,2930802,77300,6
2022-12-04,Otago,7333835,193400,8
2022-12-04,Southland,3376575,60000,3
2022-12-04,Taranaki,5631270,102007,3
2022-12-04,Waikato,1234212,243300,7
2022-12-04,Wellington,4803042,485579,11
2022-12-04,West Coast,774804,16000,3
2022-12-11,Auckland,17028580,1390760,9
2022-12-11,Bay of Plenty,11530686,216820,8
2022-12-11,Canterbury,12814424,492000,8
2022-12-11,Gisborne,7659862,37000,1
2022-12-11,Hawke's Bay,12228668,135000,2
2022-12-11,Manawatu-Whanganui,5428061,167054,6
2022-12-11,Marlborough,18379895,36000,2
2022-12-11,Nelson,3787983,86000,2
2022-12-11,Northland,6252065,79030,7
2022-12-11,Otago,9412529,205400,9
2022-12-11,Southland,7555839,60000,3
2022-12-11,Taranaki,4059193,102007,3
2022-12-11,Waikato,2975275,243300,7
2022-12-11,Wellington,13044314,485579,11
2022-12-11,West Coast,5137142,16000,3
2022-12-18,Auckland,19811420,1436560,11
2022-12-18,Bay of Plenty,20175677,225920,10
2022-12-18,Canterbury,9891890,492000,8
2022-12-18,Gisborne,8885709,37000,1
2022-12-18,Hawke's Bay,8671150,139610,3
2022-12-18,Manawatu-Whanganui,9084086,69700,3
2022-12-18,Marlborough,5981014,36000,2
2022-12-18,Nelson,6276369,86000,2
2022-12-18,Northland,4068720,74030,6
2022-12-18,Otago,8397062,193400,8
2022-12-18,Southland,30146951,60000,3
2022-12-18,Taranaki,15504972,102007,3
2022-12-18,Waikato,11715109,243300,7
2022-12-18,Wellington,20590162,485579,11
2022-12-18,West Coast,400000,1000,1
2022-12-25,Auckland,13540724,1436560,11
2022-12-25,Bay of Plenty,8591765,209820,7
2022-12-25,Canterbury,8182329,492000,8
2022-12-25,Gisborne,3146491,37000,1
2022-12-25,Hawke's Bay,5647571,139610,3
2022-12-25,Manawatu-Whanganui,6886744,69700,3
2022-12-25,Marlborough,4633498,31000,1
2022-12-25,Nelson,17271080,26000,1
2022-12-25,Northland,4049486,74030,6
2022-12-25,Otago,6712193,189300,7
2022-12-25,Southland,9209453,60000,3
2022-12-25,Taranaki,7478964,102007,3
2022-12-25,Waikato,2265485,210100,5
2022-12-25,Wellington,9777897,485579,11
2022-12-25,West Coast,8517214,16000,3
2023-01-01,Auckland,8458330,1355000,4
2023-01-01,Canterbury,11389916,368000,1
2023-01-08,Auckland,5623999,1355000,4
2023-01-08,Canterbury,6083496,368000,1
2023-01-15,Auckland,3364866,1435960,10
2023-01-15,Bay of Plenty,3663065,205820,6
2023-01-15,Canterbury,4348323,474000,7
2023-01-15,Gisborne,7310304,37000,1
2023-01-15,Hawke's Bay,2198974,139610,3
2023-01-15,Manawatu-Whanganui,1647337,77054,5
2023-01-15,Marlborough,3979794,31000,1
2023-01-15,Nelson,6459946,26000,1
2023-01-15,Northland,672789,79030,7
2023-01-15,Otago,4973656,189300,7
2023-01-15,Southland,2730404,60000,3
2023-01-15,Taranaki,3792482,102007,3
2023-01-15,Waikato,1422325,223200,6
2023-01-15,Wellington,3876465,485579,11
2023-01-15,West Coast,780347,16000,3
2023-01-22,Auckland,1960081,1435960,10
2023-01-22,Bay of Plenty,6238205,214920,8
2023-01-22,Canterbury,2338309,492000,8
2023-01-22,Gisborne,2221328,37000,1
2023-01-22,Hawke's Bay,3289219,139610,3
2023-01-22,Manawatu-Whanganui,4901766,167054,6
2023-01-22,Marlborough,1166978,36000,2
2023-01-22,Nelson,1624833,86000,2
2023-01-22,Northland,2019658,79030,7
2023-01-22,Otago,1200497,205400,9
2023-01-22,Southland,1077675,60000,3
2023-01-22,Taranaki,2806272,102007,3
2023-01-22,Waikato,1224574,243300,7
2023-01-22,Wellington,4283330,485579,11
2023-01-22,West Coast,2370641,16000,3
2023-01-29,Auckland,1529082,1435960,10
2023-01-29,Bay of Plenty,1752235,225920,10
2023-01-29,Canterbury,2295267,492000,8
2023-01-29,Gisborne,1960580,37000,1
2023-01-29,Hawke's Bay,6138117,139610,3
2023-01-29,Manawatu-Whanganui,2464696,167054,6
2023-01-29,Marlborough,1011747,36000,2
2023-01-29,Nelson,1398883,86000,2
2023-01-29,Northland,1322674,79030,7
2023-01-29,Otago,730120,193400,8
2023-01-29,Southland,908541,60000,3
2023-01-29,Taranaki,4162785,14007,2
2023-01-29,Waikato,999257,243300,7
2023-01-29,Wellington,2826338,485579,11
2023-01-29,West Coast,451664,16000,3
2023-02-05,Auckland,910042,1320460,10
2023-02-05,Bay of Plenty,3334148,198820,5
2023-02-05,Canterbury,1342863,492000,8
2023-02-05,Gisborne,1394553,37000,1
2023-02-05,Hawke's Bay,678246,139610,3
2023-02-05,Manawatu-Whanganui,1421435,167054,6
2023-02-05,Marlborough,619862,36000,2
2023-02-05,Nelson,2062074,26000,1
2023-02-05,Northland,708035,72300,5
2023-02-05,Otago,831583,189300,7
2023-02-05,Southland,1710837,60000,3
2023-02-05,Taranaki,2232823,102007,3
2023-02-05,Waikato,261510,225200,4
2023-02-05,Wellington,3512382,485579,11
2023-02-05,West Coast,338310,16000,3
2023-02-12,Auckland,2172772,1273960,8
2023-02-12,Bay of Plenty,3345330,225920,10
2023-02-12,Canterbury,3260913,471900,6
2023-02-12,Gisborne,180824,37000,1
2023-02-12,Hawke's Bay,6212614,139610,3
2023-02-12,Manawatu-Whanganui,1770102,167054,6
2023-02-12,Marlborough,834414,36000,2
2023-02-12,Nelson,4046218,86000,2
2023-02-12,Northland,1009560,74030,6
2023-02-12,Otago,1377454,189300,7
2023-02-12,Southland,43086,60000,3
2023-02-12,Taranaki,1512374,102007,3
2023-02-12,Waikato,966245,232700,5
2023-02-12,Wellington,1702224,485579,11
2023-02-12,West Coast,6037840,16000,3
2023-02-19,Auckland,1176755,1288160,7
2023-02-19,Bay of Plenty,2768302,222120,9
2023-02-19,Canterbury,2124201,474000,7
2023-02-19,Gisborne,4606226,37000,1
2023-02-19,Hawke's Bay,1557766,135000,2
2023-02-19,Manawatu-Whanganui,1004453,167054,6
2023-02-19,Marlborough,2796029,36000,2
2023-02-19,Nelson,1240603,86000,2
2023-02-19,Otago,1920894,205400,9
2023-02-19,Southland,1814729,60000,3
2023-02-19,Taranaki,2646878,102007,3
2023-02-19,Waikato,1140944,225200,4
2023-02-19,Wellington,2299359,485579,11
2023-02-19,West Coast,333688,16000,3
2023-02-26,Auckland,1969402,1291660,8
2023-02-26,Bay of Plenty,2786802,204900,9
2023-02-26,Canterbury,3638672,492000,8
2023-02-26,Manawatu-Whanganui,2092336,167054,6
2023-02-26,Marlborough,6298217,36000,2
2023-02-26,Nelson,3345881,26000,1
2023-02-26,Northland,1193862,76230,4
2023-02-26,Otago,3625808,189300,7
2023-02-26,Southland,2087761,60000,3
2023-02-26,Taranaki,1373676,102007,3
2023-02-26,Waikato,1204116,225200,4
2023-02-26,Wellington,2368339,485579,11
2023-02-26,West Coast,1698195,16000,3
2023-03-05,Auckland,3573591,980660,8
2023-03-05,Bay of Plenty,3037199,214920,8
2023-03-05,Canterbury,4277559,464000,7
2023-03-05,Hawke's Bay,1970996,84610,2
2023-03-05,Manawatu-Whanganui,2837445,167054,6
2023-03-05,Marlborough,4233840,36000,2
2023-03-05,Nelson,4735129,86000,2
2023-03-05,Northland,1867000,76230,4
2023-03-05,Otago,4638006,193400,8
2023-03-05,Southland,1391877,60000,3
2023-03-05,Taranaki,2139693,102007,3
2023-03-05,Waikato,1011424,225200,4
2023-03-05,Wellington,2449714,485579,11
2023-03-05,West Coast,595054,16000,3
2023-03-12,Auckland,3564981,1274560,9
2023-03-12,Bay of Plenty,3420239,225920,10
2023-03-12,Canterbury,6316381,492000,8
2023-03-12,Hawke's Bay,4114756,84610,2
2023-03-12,Manawatu-Whanganui,2608809,167054,6
2023-03-12,Marlborough,4023970,36000,2
2023-03-12,Nelson,3313010,86000,2
2023-03-12,Northland,3203749,79030,7
2023-03-12,Otago,3695940,189300,7
2023-03-12,Southland,3358086,60000,3
2023-03-12,Taranaki,1690851,102007,3
2023-03-12,Waikato,930491,243300,7
2023-03-12,Wellington,3635140,485579,11
2023-03-12,West Coast,4686807,16000,3
2023-03-19,Auckland,3222793,1295660,9
2023-03-19,Bay of Plenty,2568147,193900,7
2023-03-19,Canterbury,4201756,492000,8
2023-03-19,Gisborne,1457435,37000,1
2023-03-19,Hawke's Bay,3418839,84610,2
2023-03-19,Manawatu-Whanganui,1715541,167054,6
2023-03-19,Nelson,1850655,86000,2
2023-03-19,Northland,477492,79030,7
2023-03-19,Otago,5628391,205400,9
2023-03-19,Southland,6410423,60000,3
2023-03-19,Taranaki,1904341,102007,3
2023-03-19,Waikato,703835,210100,5
2023-03-19,Wellington,2350906,485579,11
2023-03-19,West Coast,3461935,16000,3
2023-03-26,Auckland,4447308,1436560,11
2023-03-26,Bay of Plenty,2673383,216820,8
2023-03-26,Canterbury,2814527,492000,8
2023-03-26,Gisborne,3546331,37000,1
2023-03-26,Hawke's Bay,2755783,84610,2
2023-03-26,Manawatu-Whanganui,1188470,167054,6
2023-03-26,Marlborough,7903661,36000,2
2023-03-26,Nelson,1177550,26000,1
2023-03-26,Northland,1815410,67800,4
2023-03-26,Otago,4841987,189300,7
2023-03-26,Southland,4514155,60000,3
2023-03-26,Taranaki,3230464,102007,3
2023-03-26,Waikato,1015800,243300,7
2023-03-26,Wellington,3074217,485579,11
2023-03-26,West Coast,2809878,16000,3
2023-04-02,Auckland,4242961,1415660,10
2023-04-02,Bay of Plenty,3301935,225920,10
2023-04-02,Canterbury,7173723,492000,8
2023-04-02,Gisborne,224013,37000,1
2023-04-02,Hawke's Bay,2077462,80000,1
2023-04-02,Manawatu-Whanganui,2316520,167054,6
2023-04-02,Marlborough,918481,36000,2
2023-04-02,Nelson,6309379,86000,2
2023-04-02,Northland,18056421,9030,5
2023-04-02,Otago,2839994,193400,8
2023-04-02,Southland,3480836,60000,3
2023-04-02,Taranaki,3480262,102007,3
2023-04-02,Tasman,614544,8300,1
2023-04-02,Waikato,575239,230200,6
2023-04-02,Wellington,2615481,485579,11
2023-04-02,West Coast,1938518,16000,3
2023-04-09,Auckland,7919560,1415060,9
2023-04-09,Bay of Plenty,3822479,211120,7
2023-04-09,Canterbury,7521426,492000,8
2023-04-09,Gisborne,167818,37000,1
2023-04-09,Hawke's Bay,1919516,84610,2
2023-04-09,Manawatu-Whanganui,2312504,159700,4
2023-04-09,Nelson,2026416,86000,2
2023-04-09,Northland,4919842,79030,7
2023-04-09,Otago,6161559,186800,7
2023-04-09,Southland,4587441,60000,3
2023-04-09,Taranaki,2219292,102007,3
2023-04-09,Tasman,156024,8300,1
2023-04-09,Waikato,1971105,239300,6
2023-04-09,Wellington,3483757,433079,9
2023-04-09,West Coast,5569323,16000,3
2023-04-16,Auckland,3298468,1411660,9
2023-04-16,Bay of Plenty,7317715,225920,10
2023-04-16,Canterbury,8215213,492000,8
2023-04-16,Gisborne,3226942,37000,1
2023-04-16,Hawke's Bay,3050470,84610,2
2023-04-16,Manawatu-Whanganui,4238802,157357,4
2023-04-16,Marlborough,1362449,36000,2
2023-04-16,Nelson,3689381,26000,1
2023-04-16,Northland,1035906,74030,6
2023-04-16,Otago,6192221,174800,6
2023-04-16,Southland,18934892,52000,2
2023-04-16,Taranaki,5851309,102007,3
2023-04-16,Tasman,7501033,8300,1
2023-04-16,Waikato,3530393,243300,7
2023-04-16,Wellington,2926719,485579,11
2023-04-16,West Coast,2491933,16000,3
2023-04-23,Auckland,4392765,1369260,7
2023-04-23,Bay of Plenty,4121757,220820,8
2023-04-23,Canterbury,5363825,492000,8
2023-04-23,Gisborne,2874267,37000,1
2023-04-23,Hawke's Bay,2511062,84610,2
2023-04-23,Manawatu-Whanganui,3429756,155700,3
2023-04-23,Marlborough,6568032,5000,1
2023-04-23,Nelson,5813730,86000,2
2023-04-23,Northland,1365941,73630,5
2023-04-23,Otago,5719985,189300,7
2023-04-23,Southland,12198491,58000,2
2023-04-23,Taranaki,4814306,102007,3
2023-04-23,Tasman,29009628,8300,1
2023-04-23,Waikato,1794242,243300,7
2023-04-23,Wellington,2723118,465000,7
2023-04-23,West Coast,920179,15000,2
2023-04-30,Auckland,4194179,1369260,7
2023-04-30,Bay of Plenty,3972468,214920,8
2023-04-30,Canterbury,3292745,470100,6
2023-04-30,Gisborne,1406748,37000,1
2023-04-30,Hawke's Bay,1668294,84610,2
2023-04-30,Manawatu-Whanganui,4339326,155700,3
2023-04-30,Marlborough,4797723,36000,2
2023-04-30,Nelson,3330439,26000,1
2023-04-30,Northland,1093867,13630,5
2023-04-30,Otago,3083083,174800,6
2023-04-30,Southland,5032745,58000,2
2023-04-30,Taranaki,3168750,102007,3
2023-04-30,Waikato,2006806,236700,6
2023-04-30,Wellington,1551716,444300,6
2023-04-30,West Coast,1701426,15000,2
2023-05-07,Auckland,3349801,1365260,6
2023-05-07,Bay of Plenty,4488666,214920,8
2023-05-07,Canterbury,4799212,492000,8
2023-05-07,Gisborne,2163249,37000,1
2023-05-07,Hawke's Bay,1988286,84610,2
2023-05-07,Manawatu-Whanganui,3945299,155700,3
2023-05-07,Marlborough,7644128,36000,2
2023-05-07,Nelson,1950656,86000,2
2023-05-07,Northland,707030,73630,5
2023-05-07,Otago,5625458,189300,7
2023-05-07,Southland,4761111,58000,2
2023-05-07,Taranaki,3241741,102007,3
2023-05-07,Tasman,218745,8300,1
2023-05-07,Waikato,1079632,212100,3
2023-05-07,Wellington,2772019,465000,7
2023-05-07,West Coast,1295360,15000,2
2023-05-14,Auckland,2429138,1365260,6
2023-05-14,Bay of Plenty,3254159,214920,8
2023-05-14,Canterbury,2470723,492000,8
2023-05-14,Gisborne,780289,37000,1
2023-05-14,Hawke's Bay,747270,139610,3
2023-05-14,Manawatu-Whanganui,3648549,155700,3
2023-05-14,Marlborough,5041847,36000,2
2023-05-14,Nelson,1462984,26000,1
2023-05-14,Northland,1423865,2400,2
2023-05-14,Otago,3472090,174800,6
2023-05-14,Southland,6575148,58000,2
2023-05-14,Taranaki,1513247,102007,3
2023-05-14,Waikato,2025718,243300,7
2023-05-14,Wellington,1907092,465000,7
2023-05-14,West Coast,529407,15000,2
2023-05-21,Auckland,2706937,1369260,7
2023-05-21,Bay of Plenty,3208570,205820,6
2023-05-21,Canterbury,4636812,488100,7
2023-05-21,Gisborne,1598940,37000,1
2023-05-21,Hawke's Bay,1264973,139610,3
2023-05-21,Manawatu-Whanganui,3382939,155700,3
2023-05-21,Nelson,5668997,26000,1
2023-05-21,Northland,1354100,67400,3
2023-05-21,Otago,4891628,189300,7
2023-05-21,Southland,1532726,58000,2
2023-05-21,Taranaki,445439,102007,3
2023-05-21,Waikato,953287,243300,7
2023-05-21,Wellington,2956661,465000,7
2023-05-21,West Coast,315633,15000,2
2023-05-28,Auckland,4446589,1369260,7
2023-05-28,Bay of Plenty,3952642,214920,8
2023-05-28,Canterbury,2859805,492000,8
2023-05-28,Gisborne,3022024,37000,1
2023-05-28,Hawke's Bay,905615,139610,3
2023-05-28,Manawatu-Whanganui,2211780,155700,3
2023-05-28,Marlborough,12437150,31000,1
2023-05-28,Nelson,5926846,26000,1
2023-05-28,Northland,1163812,72400,4
2023-05-28,Otago,2734200,189300,7
2023-05-28,Southland,3649732,58000,2
2023-05-28,Taranaki,3605403,102007,3
2023-05-28,Tasman,156024,8300,1
2023-05-28,Waikato,1301354,198600,3
2023-05-28,Wellington,3089067,465000,7
2023-05-28,West Coast,1385003,15000,2
2023-06-04,Auckland,5141529,1365260,6
2023-06-04,Bay of Plenty,5948347,215520,7
2023-06-04,Canterbury,4768756,492000,8
2023-06-04,Gisborne,3531850,37000,1
2023-06-04,Hawke's Bay,2737436,139610,3
2023-06-04,Manawatu-Whanganui,2996512,155700,3
2023-06-04,Marlborough,919072,36000,2
2023-06-04,Nelson,5324540,86000,2
2023-06-04,Northland,1070320,72400,4
2023-06-04,Otago,2283291,189300,7
2023-06-04,Southland,1057222,58000,2
2023-06-04,Taranaki,4601930,102007,3
2023-06-04,Waikato,1881383,225200,4
2023-06-04,Wellington,2358479,465000,7
2023-06-04,West Coast,1324717,15000,2
2023-06-11,Auckland,4152403,1365260,6
2023-06-11,Bay of Plenty,3478685,224620,9
2023-06-11,Canterbury,2132353,488100,7
2023-06-11,Gisborne,3045690,37000,1
2023-06-11,Hawke's Bay,2669132,139610,3
2023-06-11,Manawatu-Whanganui,2196593,155700,3
2023-06-11,Marlborough,524711,36000,2
2023-06-11,Nelson,2250900,86000,2
2023-06-11,Northland,132885,72400,4
2023-06-11,Otago,2463467,189300,7
2023-06-11,Southland,3880642,58000,2
2023-06-11,Taranaki,3801893,102007,3
2023-06-11,Tasman,16061073,8300,1
2023-06-11,Waikato,3982200,243300,7
2023-06-11,Wellington,2331757,465000,7
2023-06-11,West Coast,246120,15000,2
2023-06-18,Auckland,1313367,1355000,4
2023-06-18,Bay of Plenty,2164440,211720,6
2023-06-18,Canterbury,1477949,475600,6
2023-06-18,Gisborne,1883083,37000,1
2023-06-18,Hawke's Bay,974157,135000,2
2023-06-18,Manawatu-Whanganui,876855,155700,3
2023-06-18,Marlborough,277790,31000,1
2023-06-18,Nelson,3068496,26000,1
2023-06-18,Northland,7589696,7400,3
2023-06-18,Otago,3434220,189300,7
2023-06-18,Southland,296052,58000,2
2023-06-18,Taranaki,4041767,100000,2
2023-06-18,Tasman,2510168,8300,1
2023-06-18,Waikato,696537,231800,5
2023-06-18,Wellington,934542,459200,6
2023-06-18,West Coast,1217605,15000,2
2023-06-25,Auckland,2128150,1355000,4
2023-06-25,Bay of Plenty,3361376,202020,5
2023-06-25,Canterbury,1174393,475600,6
2023-06-25,Gisborne,369979,37000,1
2023-06-25,Hawke's Bay,1545613,135000,2
2023-06-25,Manawatu-Whanganui,1543016,155700,3
2023-06-25,Marlborough,277209,31000,1
2023-06-25,Nelson,1709040,26000,1
2023-06-25,Northland,2994218,72400,4
2023-06-25,Otago,945283,189300,7
2023-06-25,Southland,1261778,58000,2
2023-06-25,Taranaki,1131335,100000,2
2023-06-25,Tasman,3539322,8300,1
2023-06-25,Waikato,4184232,231800,5
2023-06-25,Wellington,1858689,459200,6
2023-06-25,West Coast,7450129,15000,2
2023-07-02,Auckland,1189313,1355000,4
2023-07-02,Bay of Plenty,2390245,202020,5
2023-07-02,Canterbury,1274773,475600,6
2023-07-02,Gisborne,186993,37000,1
2023-07-02,Hawke's Bay,1810681,135000,2
2023-07-02,Manawatu-Whanganui,1926378,155700,3
2023-07-02,Marlborough,1771553,31000,1
2023-07-02,Nelson,468942,86000,2
2023-07-02,Northland,343744,72400,4
2023-07-02,Otago,1978614,189300,7
2023-07-02,Southland,408368,58000,2
2023-07-02,Taranaki,2224878,100000,2
2023-07-02,Tasman,267927,8300,1
2023-07-02,Waikato,3023962,192000,2
2023-07-02,Wellington,826165,459200,6
2023-07-02,West Coast,5701296,15000,2
2023-07-09,Auckland,1445288,1355000,4
2023-07-09,Bay of Plenty,3333084,210220,6
2023-07-09,Canterbury,2414679,475600,6
2023-07-09,Gisborne,8483280,37000,1
2023-07-09,Hawke's Bay,2513168,135000,2
2023-07-09,Manawatu-Whanganui,1502710,155700,3
2023-07-09,Marlborough,6712042,31000,1
2023-07-09,Nelson,245609,86000,2
2023-07-09,Northland,140952,72400,4
2023-07-09,Otago,1354592,189300,7
2023-07-09,Southland,1884724,50000,1
2023-07-09,Taranaki,1956967,100000,2
2023-07-09,Tasman,1100182,8300,1
2023-07-09,Waikato,1327105,225200,4
2023-07-09,Wellington,2353963,459200,6
2023-07-09,West Coast,2150748,15000,2
2023-07-16,Auckland,1577795,1115000,3
2023-07-16,Bay of Plenty,5106189,195020,4
2023-07-16,Canterbury,1566340,449000,4
2023-07-16,Gisborne,1039196,37000,1
2023-07-16,Hawke's Bay,1626639,135000,2
2023-07-16,Manawatu-Whanganui,1553352,155700,3
2023-07-16,Marlborough,613788,31000,1
2023-07-16,Nelson,2968914,26000,1
2023-07-16,Northland,335346,70000,2
2023-07-16,Otago,1232582,189300,7
2023-07-16,Southland,532925,58000,2
2023-07-16,Taranaki,5361572,88000,1
2023-07-16,Tasman,5996293,8300,1
2023-07-16,Waikato,379294,192000,2
2023-07-16,Wellington,945329,459200,6
2023-07-16,West Coast,242900,15000,2
2023-07-23,Auckland,1213449,1375900,5
2023-07-23,Bay of Plenty,1455085,202020,5
2023-07-23,Canterbury,769922,449000,4
2023-07-23,Gisborne,1608930,37000,1
2023-07-23,Hawke's Bay,469766,135000,2
2023-07-23,Manawatu-Whanganui,951154,155700,3
2023-07-23,Marlborough,4973624,31000,1
2023-07-23,Nelson,1281672,26000,1
2023-07-23,Northland,322496,70000,2
2023-07-23,Otago,632404,189300,7
2023-07-23,Southland,799689,50000,1
2023-07-23,Taranaki,1927649,100000,2
2023-07-23,Waikato,409105,192000,2
2023-07-23,Wellington,1451132,459200,6
2023-07-23,West Coast,177567,15000,2
2023-07-30,Auckland,921442,1375900,5
2023-07-30,Bay of Plenty,948872,202020,5
2023-07-30,Canterbury,1694029,449000,4
2023-07-30,Gisborne,330658,37000,1
2023-07-30,Hawke's Bay,586918,135000,2
2023-07-30,Manawatu-Whanganui,820127,155700,3
2023-07-30,Marlborough,289532,31000,1
2023-07-30,Nelson,1152323,86000,2
2023-07-30,Northland,925229,66100,2
2023-07-30,Otago,977561,174800,6
2023-07-30,Southland,357147,58000,2
2023-07-30,Taranaki,1626324,100000,2
2023-07-30,Tasman,207140,8300,1
2023-07-30,Waikato,295830,192000,2
2023-07-30,Wellington,757486,459200,6
2023-07-30,West Coast,1205002,15000,2
2023-08-06,Auckland,948713,1355000,4
2023-08-06,Bay of Plenty,2141782,202020,5
2023-08-06,Canterbury,1316512,449000,4
2023-08-06,Hawke's Bay,1320867,135000,2
2023-08-06,Manawatu-Whanganui,929957,155700,3
2023-08-06,Marlborough,277709,31000,1
2023-08-06,Nelson,1080003,86000,2
2023-08-06,Northland,254700,5000,1
2023-08-06,Otago,1439724,167700,5
2023-08-06,Southland,629786,58000,2
2023-08-06,Taranaki,1883987,100000,2
2023-08-06,Waikato,1188332,192000,2
2023-08-06,Wellington,2134065,459200,6
2023-08-06,West Coast,92100,5000,1
2023-08-13,Auckland,1630062,1355000,4
2023-08-13,Bay of Plenty,3260409,202020,5
2023-08-13,Canterbury,1594820,449000,4
2023-08-13,Gisborne,4606028,37000,1
2023-08-13,Hawke's Bay,6051372,135000,2
2023-08-13,Manawatu-Whanganui,1795602,155700,3
2023-08-13,Marlborough,272209,31000,1
2023-08-13,Nelson,5170456,26000,1
2023-08-13,Northland,454817,70000,2
2023-08-13,Otago,1192800,161500,4
2023-08-13,Southland,2050461,58000,2
2023-08-13,Taranaki,3051832,100000,2
2023-08-13,Waikato,4535120,192000,2
2023-08-13,Wellington,1383020,459200,6
2023-08-13,West Coast,224100,15000,2
2023-08-20,Auckland,2326280,1355000,4
2023-08-20,Bay of Plenty,2917850,202020,5
2023-08-20,Canterbury,4883930,449000,4
2023-08-20,Gisborne,6151470,37000,1
2023-08-20,Hawke's Bay,5217503,135000,2
2023-08-20,Manawatu-Whanganui,1813070,155700,3
2023-08-20,Marlborough,1434844,31000,1
2023-08-20,Nelson,1985474,86000,2
2023-08-20,Northland,791257,72400,4
2023-08-20,Otago,2124056,161500,4
2023-08-20,Southland,1122337,58000,2
2023-08-20,Taranaki,1238617,100000,2
2023-08-20,Tasman,435893,8300,1
2023-08-20,Waikato,928670,198600,3
2023-08-20,Wellington,1952023,459200,6
2023-08-20,West Coast,569296,15000,2
2023-08-27,Auckland,1609688,1355000,4
2023-08-27,Bay of Plenty,2546336,202020,5
2023-08-27,Canterbury,2435571,449000,4
2023-08-27,Gisborne,3783732,37000,1
2023-08-27,Hawke's Bay,4239240,135000,2
2023-08-27,Manawatu-Whanganui,885524,155700,3
2023-08-27,Marlborough,3242377,31000,1
2023-08-27,Nelson,2148422,86000,2
2023-08-27,Northland,633943,65000,1
2023-08-27,Otago,1729847,161500,4
2023-08-27,Southland,917580,58000,2
2023-08-27,Taranaki,1440570,100000,2
2023-08-27,Tasman,571485,8300,1
2023-08-27,Waikato,535911,198600,3
2023-08-27,Wellington,907768,459200,6
2023-08-27,West Coast,992374,15000,2
2023-09-03,Auckland,1420132,1355000,4
2023-09-03,Bay of Plenty,1531389,202020,5
2023-09-03,Canterbury,808179,449000,4
2023-09-03,Gisborne,2089632,37000,1
2023-09-03,Hawke's Bay,4809723,135000,2
2023-09-03,Manawatu-Whanganui,1188720,155700,3
2023-09-03,Marlborough,589490,31000,1
2023-09-03,Nelson,2634698,26000,1
2023-09-03,Northland,465627,5000,1
2023-09-03,Otago,1396973,161500,4
2023-09-03,Southland,4148112,58000,2
2023-09-03,Taranaki,2500123,100000,2
2023-09-03,Tasman,0,8300,1
2023-09-03,Waikato,1293449,202600,4
2023-09-03,Wellington,1710672,459200,6
2023-09-03,West Coast,24667,15000,2
2023-09-10,Auckland,1536620,1355000,4
2023-09-10,Bay of Plenty,2670563,202020,5
2023-09-10,Canterbury,2776080,449000,4
2023-09-10,Gisborne,3696490,37000,1
2023-09-10,Hawke's Bay,2883766,135000,2
2023-09-10,Manawatu-Whanganui,2338759,155700,3
2023-09-10,Marlborough,896642,31000,1
2023-09-10,Nelson,1060751,86000,2
2023-09-10,Northland,1893102,65000,1
2023-09-10,Otago,2829804,161500,4
2023-09-10,Southland,3926191,58000,2
2023-09-10,Taranaki,1403284,100000,2
2023-09-10,Tasman,3877061,8300,1
2023-09-10,Waikato,1392676,192000,2
2023-09-10,Wellington,2425320,459200,6
2023-09-10,West Coast,116210,15000,2
2023-09-17,Auckland,1418964,1355000,4
2023-09-17,Bay of Plenty,2149507,202020,5
2023-09-17,Canterbury,2241605,449000,4
2023-09-17,Gisborne,2498700,37000,1
2023-09-17,Hawke's Bay,3214566,135000,2
2023-09-17,Manawatu-Whanganui,2151553,155700,3
2023-09-17,Marlborough,1617934,31000,1
2023-09-17,Nelson,1699214,26000,1
2023-09-17,Northland,1574265,65000,1
2023-09-17,Otago,2994808,161500,4
2023-09-17,Southland,2733046,58000,2
2023-09-17,Taranaki,2085637,100000,2
2023-09-17,Tasman,4031974,8300,1
2023-09-17,Waikato,3166119,192000,2
2023-09-17,Wellington,2583013,459200,6
2023-09-17,West Coast,37000,10000,1
2023-09-24,Auckland,1540575,1355000,4
2023-09-24,Bay of Plenty,3584934,202020,5
2023-09-24,Canterbury,2399901,421000,3
2023-09-24,Gisborne,1810818,37000,1
2023-09-24,Hawke's Bay,3538402,135000,2
2023-09-24,Manawatu-Whanganui,2207367,155700,3
2023-09-24,Marlborough,2415586,31000,1
2023-09-24,Nelson,2234617,26000,1
2023-09-24,Northland,2322577,65000,1
2023-09-24,Otago,3680404,161500,4
2023-09-24,Southland,464705,58000,2
2023-09-24,Taranaki,1180681,100000,2
2023-09-24,Waikato,1752408,198600,3
2023-09-24,Wellington,3319486,459200,6
2023-09-24,West Coast,2348281,5000,1
2023-10-01,Auckland,2536564,1355000,4
2023-10-01,Bay of Plenty,2814361,202020,5
2023-10-01,Canterbury,2080946,449000,4
2023-10-01,Gisborne,604293,37000,1
2023-10-01,Hawke's Bay,3584159,135000,2
2023-10-01,Manawatu-Whanganui,1917528,155700,3
2023-10-01,Marlborough,5720707,31000,1
2023-10-01,Nelson,2741020,26000,1
2023-10-01,Northland,1933418,70000,2
2023-10-01,Otago,1938326,161500,4
2023-10-01,Southland,4454494,58000,2
2023-10-01,Taranaki,1415321,100000,2
2023-10-01,Waikato,1112070,198600,3
2023-10-01,Wellington,2726861,459200,6
2023-10-01,West Coast,84800,5000,1
2023-10-08,Auckland,2590434,1355000,4
2023-10-08,Bay of Plenty,1615972,202020,5
2023-10-08,Canterbury,2584710,449000,4
2023-10-08,Hawke's Bay,2763353,135000,2
2023-10-08,Manawatu-Whanganui,2930482,155700,3
2023-10-08,Marlborough,2556075,31000,1
2023-10-08,Nelson,2155981,86000,2
2023-10-08,Northland,1925148,70000,2
2023-10-08,Otago,3094744,161500,4
2023-10-08,Southland,2920596,58000,2
2023-10-08,Taranaki,2782961,100000,2
2023-10-08,Waikato,1885902,198600,3
2023-10-08,Wellington,2529513,459200,6
2023-10-08,West Coast,1144067,15000,2
2023-10-15,Auckland,2887018,1355000,4
2023-10-15,Bay of Plenty,2331304,202020,5
2023-10-15,Canterbury,2330453,449000,4
2023-10-15,Hawke's Bay,2611743,135000,2
2023-10-15,Manawatu-Whanganui,2487415,155700,3
2023-10-15,Marlborough,506650,31000,1
2023-10-15,Nelson,1374339,86000,2
2023-10-15,Northland,352845,70000,2
2023-10-15,Otago,2899292,161500,4
2023-10-15,Southland,866196,58000,2
2023-10-15,Taranaki,4935632,100000,2
2023-10-15,Waikato,4658991,198600,3
2023-10-15,Wellington,1235966,459200,6
2023-10-22,Auckland,2519403,1355000,4
2023-10-22,Bay of Plenty,3750947,202020,5
2023-10-22,Canterbury,2057457,431000,3
2023-10-22,Gisborne,195932,37000,1
2023-10-22,Hawke's Bay,2133287,135000,2
2023-10-22,Manawatu-Whanganui,3784582,155700,3
2023-10-22,Marlborough,2598857,31000,1
2023-10-22,Nelson,3241826,26000,1
2023-10-22,Northland,1102607,65000,1
2023-10-22,Otago,5841700,161500,4
2023-10-22,Southland,884222,58000,2
2023-10-22,Taranaki,3365083,100000,2
2023-10-22,Waikato,1808796,198600,3
2023-10-22,Wellington,2040077,459200,6
2023-10-22,West Coast,113183,10000,1
2023-10-29,Auckland,5157869,1355000,4
2023-10-29,Bay of Plenty,3156696,202020,5
2023-10-29,Canterbury,2694716,449000,4
2023-10-29,Hawke's Bay,3680494,135000,2
2023-10-29,Manawatu-Whanganui,7570759,155700,3
2023-10-29,Nelson,2750033,86000,2
2023-10-29,Northland,1728394,5000,1
2023-10-29,Otago,9032066,161500,4
2023-10-29,Southland,5159296,50000,1
2023-10-29,Taranaki,3393735,100000,2
2023-10-29,Waikato,3485391,192000,2
2023-10-29,Wellington,4651278,459200,6
2023-10-29,West Coast,96667,15000,2
2023-11-05,Auckland,7897467,1355000,4
2023-11-05,Bay of Plenty,5954132,202020,5
2023-11-05,Canterbury,5250970,449000,4
2023-11-05,Gisborne,1045170,37000,1
2023-11-05,Hawke's Bay,4606620,135000,2
2023-11-05,Manawatu-Whanganui,5834181,155700,3
2023-11-05,Nelson,1756484,86000,2
2023-11-05,Otago,5184589,161500,4
2023-11-05,Southland,5954199,50000,1
2023-11-05,Taranaki,5970771,100000,2
2023-11-05,Waikato,1253288,198600,3
2023-11-05,Wellington,4463794,459200,6
2023-11-05,West Coast,270339,15000,2
2023-11-12,Auckland,5408063,1375900,5
2023-11-12,Bay of Plenty,4458258,202020,5
2023-11-12,Canterbury,3387276,81000,3
2023-11-12,Gisborne,20094874,37000,1
2023-11-12,Hawke's Bay,8247127,135000,2
2023-11-12,Manawatu-Whanganui,3052410,155700,3
2023-11-12,Marlborough,7188455,31000,1
2023-11-12,Nelson,2056921,26000,1
2023-11-12,Northland,806659,65000,1
2023-11-12,Otago,3099290,161500,4
2023-11-12,Southland,6581071,50000,1
2023-11-12,Taranaki,3938781,100000,2
2023-11-12,Waikato,1046138,192000,2
2023-11-12,Wellington,7431717,459200,6
2023-11-12,West Coast,4172903,15000,2
2023-11-19,Auckland,7808003,1375900,5
2023-11-19,Bay of Plenty,5230547,202020,5
2023-11-19,Canterbury,4234683,449000,4
2023-11-19,Gisborne,1548621,37000,1
2023-11-19,Hawke's Bay,3974497,135000,2
2023-11-19,Manawatu-Whanganui,3710226,155700,3
2023-11-19,Marlborough,6072244,31000,1
2023-11-19,Nelson,3580533,86000,2
2023-11-19,Northland,4335065,65000,1
2023-11-19,Otago,3777148,161500,4
2023-11-19,Southland,4796716,50000,1
2023-11-19,Taranaki,5352815,100000,2
2023-11-19,Tasman,2013022,8300,1
2023-11-19,Waikato,812392,198600,3
2023-11-19,Wellington,4702980,459200,6
2023-11-19,West Coast,3234000,15000,2
2023-11-26,Auckland,7216503,1375900,5
2023-11-26,Bay of Plenty,5529016,202020,5
2023-11-26,Canterbury,6358227,449000,4
2023-11-26,Hawke's Bay,4714648,135000,2
2023-11-26,Manawatu-Whanganui,3688080,155700,3
2023-11-26,Marlborough,1903825,31000,1
2023-11-26,Nelson,9747243,26000,1
2023-11-26,Northland,5243655,70000,2
2023-11-26,Otago,5298034,161500,4
2023-11-26,Southland,10769160,50000,1
2023-11-26,Taranaki,4419208,100000,2
2023-11-26,Tasman,4884103,8300,1
2023-11-26,Waikato,1434533,198600,3
2023-11-26,Wellington,6187764,459200,6
2023-11-26,West Coast,484818,15000,2
2023-12-03,Auckland,7992963,1375900,5
2023-12-03,Bay of Plenty,2756952,202020,5
2023-12-03,Canterbury,5064011,449000,4
2023-12-03,Gisborne,297256,37000,1
2023-12-03,Hawke's Bay,7019129,135000,2
2023-12-03,Manawatu-Whanganui,3020155,155700,3
2023-12-03,Marlborough,1969270,31000,1
2023-12-03,Nelson,2378119,86000,2
2023-12-03,Northland,4611971,65000,1
2023-12-03,Otago,3158051,161500,4
2023-12-03,Southland,2150803,50000,1
2023-12-03,Taranaki,5723780,100000,2
2023-12-03,Waikato,785770,198600,3
2023-12-03,Wellington,6888377,459200,6
2023-12-03,West Coast,28620548,15000,2
2023-12-10,Auckland,5871912,1375900,5
2023-12-10,Bay of Plenty,4324899,202020,5
2023-12-10,Canterbury,6912766,449000,4
2023-12-10,Hawke's Bay,8307289,135000,2
2023-12-10,Manawatu-Whanganui,2047646,155700,3
2023-12-10,Marlborough,2475527,31000,1
2023-12-10,Nelson,2818862,86000,2
2023-12-10,Northland,1270344,65000,1
2023-12-10,Otago,2459787,161500,4
2023-12-10,Southland,2668875,50000,1
2023-12-10,Taranaki,5659213,100000,2
2023-12-10,Tasman,15604497,8300,1
2023-12-10,Waikato,1927736,192000,2
2023-12-10,Wellington,5994934,459200,6
2023-12-10,West Coast,306867,15000,2
2023-12-17,Auckland,9182619,1375900,5
2023-12-17,Bay of Plenty,8187540,202020,5
2023-12-17,Canterbury,10760460,449000,4
2023-12-17,Gisborne,3226444,37000,1
2023-12-17,Hawke's Bay,6209132,135000,2
2023-12-17,Manawatu-Whanganui,7651942,155700,3
2023-12-17,Nelson,2451122,26000,1
2023-12-17,Northland,2498296,70000,2
2023-12-17,Otago,4992756,161500,4
2023-12-17,Southland,5513136,50000,1
2023-12-17,Taranaki,3807381,100000,2
2023-12-17,Waikato,2163131,198600,3
2023-12-17,Wellington,6057813,459200,6
2023-12-17,West Coast,1123612,15000,2
2023-12-24,Auckland,4108449,1355000,4
2023-12-24,Bay of Plenty,1976248,202020,5
2023-12-24,Canterbury,8388844,449000,4
2023-12-24,Gisborne,11819619,37000,1
2023-12-24,Hawke's Bay,4781958,135000,2
2023-12-24,Manawatu-Whanganui,1858842,155700,3
2023-12-24,Marlborough,4715556,31000,1
2023-12-24,Nelson,2089079,60000,1
2023-12-24,Otago,4773163,161500,4
2023-12-24,Southland,3826639,50000,1
2023-12-24,Taranaki,1851948,100000,2
2023-12-24,Waikato,14039188,192000,2
2023-12-24,Wellington,5098059,459200,6
2023-12-24,West Coast,219143,15000,2
2023-12-31,Auckland,2268527,1115000,3
2023-12-31,Bay of Plenty,1967856,7000,1
2023-12-31,Canterbury,11395640,368000,1
2023-12-31,Manawatu-Whanganui,467851,21200,1
2023-12-31,Otago,6845410,40000,1
2023-12-31,Wellington,8016858,386000,3
2024-01-07,Auckland,8286271,1135900,4
2024-01-07,Canterbury,11023848,368000,1
2024-01-07,Manawatu-Whanganui,8250798,21200,1
2024-01-07,Otago,7835112,161500,4
2024-01-07,Wellington,7476566,386000,3
2024-01-14,Auckland,4474907,1375900,5
2024-01-14,Bay of Plenty,6316380,202020,5
2024-01-14,Canterbury,6216652,421000,3
2024-01-14,Hawke's Bay,945838,135000,2
2024-01-14,Manawatu-Whanganui,1681405,65700,2
2024-01-14,Marlborough,3115086,31000,1
2024-01-14,Nelson,7589613,86000,2
2024-01-14,Northland,4733447,70000,2
2024-01-14,Otago,3469159,161500,4
2024-01-14,Southland,1510817,50000,1
2024-01-14,Taranaki,2431878,100000,2
2024-01-14,Waikato,656757,192000,2
2024-01-14,Wellington,6762917,459200,6
2024-01-14,West Coast,1436460,15000,2
2024-01-21,Auckland,4795777,1375900,5
2024-01-21,Bay of Plenty,4837647,202020,5
2024-01-21,Canterbury,2561957,449000,4
2024-01-21,Hawke's Bay,3628017,135000,2
2024-01-21,Manawatu-Whanganui,1541641,155700,3
2024-01-21,Nelson,3823662,26000,1
2024-01-21,Northland,1878875,70000,2
2024-01-21,Otago,3175002,161500,4
2024-01-21,Southland,1230459,50000,1
2024-01-21,Taranaki,2590715,100000,2
2024-01-21,Waikato,768981,192000,2
2024-01-21,Wellington,4437124,459200,6
2024-01-21,West Coast,2732942,15000,2
2024-01-28,Auckland,1804844,1375900,5
2024-01-28,Bay of Plenty,3620443,202020,5
2024-01-28,Canterbury,5470248,449000,4
2024-01-28,Gisborne,1788035,37000,1
2024-01-28,Hawke's Bay,4146156,135000,2
2024-01-28,Manawatu-Whanganui,1390206,155700,3
2024-01-28,Nelson,7859569,86000,2
2024-01-28,Northland,2225220,70000,2
2024-01-28,Otago,2631722,161500,4
2024-01-28,Southland,3401545,58000,2
2024-01-28,Taranaki,1345879,100000,2
2024-01-28,Waikato,1122757,192000,2
2024-01-28,Wellington,2310682,459200,6
2024-01-28,West Coast,2398916,15000,2
2024-02-04,Auckland,5742191,1375900,5
2024-02-04,Bay of Plenty,2803978,202020,5
2024-02-04,Canterbury,4275889,449000,4
2024-02-04,Gisborne,4044402,37000,1
2024-02-04,Hawke's Bay,5729006,135000,2
2024-02-04,Manawatu-Whanganui,2368160,155700,3
2024-02-04,Marlborough,11086222,31000,1
2024-02-04,Nelson,1786229,26000,1
2024-02-04,Northland,2336933,65000,1
2024-02-04,Otago,1605857,138600,3
2024-02-04,Southland,3529845,58000,2
2024-02-04,Taranaki,2915225,100000,2
2024-02-04,Tasman,5175943,8300,1
2024-02-04,Waikato,909573,192000,2
2024-02-04,Wellington,3698526,459200,6
2024-02-04,West Coast,467423,15000,2
2024-02-11,Auckland,5142917,1255900,4
2024-02-11,Bay of Plenty,5182527,202020,5
2024-02-11,Canterbury,4322616,403000,2
2024-02-11,Gisborne,4637647,37000,1
2024-02-11,Hawke's Bay,10413595,135000,2
2024-02-11,Manawatu-Whanganui,2563015,155700,3
2024-02-11,Nelson,2012999,86000,2
2024-02-11,Otago,3758626,161500,4
2024-02-11,Southland,5145212,58000,2
2024-02-11,Taranaki,483786,88000,1
2024-02-11,Waikato,753721,192000,2
2024-02-11,Wellington,3968256,459200,6
2024-02-11,West Coast,245607,15000,2
2024-02-18,Auckland,4446867,1255900,4
2024-02-18,Bay of Plenty,8207509,202020,5
2024-02-18,Canterbury,8844602,431000,3
2024-02-18,Gisborne,3784919,37000,1
2024-02-18,Hawke's Bay,10418118,135000,2
2024-02-18,Manawatu-Whanganui,3185854,155700,3
2024-02-18,Nelson,3346046,26000,1
2024-02-18,Northland,2928298,70000,2
2024-02-18,Otago,4576344,161500,4
2024-02-18,Southland,2869122,58000,2
2024-02-18,Taranaki,4409874,100000,2
2024-02-18,Waikato,2039640,192000,2
2024-02-18,Wellington,7844010,459200,6
2024-02-18,West Coast,4462055,15000,2
2024-02-25,Auckland,4172908,1235000,3
2024-02-25,Bay of Plenty,6560859,202020,5
2024-02-25,Canterbury,6106168,431000,3
2024-02-25,Hawke's Bay,10407675,135000,2
2024-02-25,Manawatu-Whanganui,1810234,155700,3
2024-02-25,Marlborough,11024839,31000,1
2024-02-25,Nelson,3629259,26000,1
2024-02-25,Northland,258048,65000,1
2024-02-25,Otago,5820288,161500,4
2024-02-25,Southland,5305149,58000,2
2024-02-25,Taranaki,1638313,100000,2
2024-02-25,Tasman,478681,8300,1
2024-02-25,Waikato,3011572,192000,2
2024-02-25,Wellington,3093683,459200,6
2024-02-25,West Coast,13873353,15000,2
2024-03-03,Auckland,3236403,1375900,5
2024-03-03,Bay of Plenty,3715630,202020,5
2024-03-03,Canterbury,7773733,431000,3
2024-03-03,Gisborne,4936285,37000,1
2024-03-03,Hawke's Bay,7102234,135000,2
2024-03-03,Manawatu-Whanganui,2056146,155700,3
2024-03-03,Marlborough,7037094,31000,1
2024-03-03,Nelson,4459015,86000,2
2024-03-03,Northland,462887,70000,2
2024-03-03,Otago,6889940,161500,4
2024-03-03,Southland,6819607,58000,2
2024-03-03,Taranaki,4400231,100000,2
2024-03-03,Tasman,10879365,8300,1
2024-03-03,Waikato,1528698,192000,2
2024-03-03,Wellington,7208870,459200,6
2024-03-03,West Coast,590767,15000,2
2024-03-10,Auckland,5794672,1375900,5
2024-03-10,Bay of Plenty,7896103,181000,4
2024-03-10,Canterbury,3404437,449000,4
2024-03-10,Gisborne,3735321,37000,1
2024-03-10,Hawke's Bay,10755667,135000,2
2024-03-10,Manawatu-Whanganui,5521757,155700,3
2024-03-10,Marlborough,8325344,31000,1
2024-03-10,Nelson,2834326,86000,2
2024-03-10,Northland,254700,5000,1
2024-03-10,Otago,9196504,161500,4
2024-03-10,Southland,2633062,58000,2
2024-03-10,Taranaki,6861607,100000,2
2024-03-10,Tasman,4440361,8300,1
2024-03-10,Waikato,1471004,192000,2
2024-03-10,Wellington,4898262,459200,6
2024-03-10,West Coast,1280916,15000,2
2024-03-17,Auckland,3666726,1375900,5
2024-03-17,Bay of Plenty,3636329,202020,5
2024-03-17,Canterbury,8187578,449000,4
2024-03-17,Gisborne,3601176,37000,1
2024-03-17,Hawke's Bay,4537765,135000,2
2024-03-17,Manawatu-Whanganui,2331204,155700,3
2024-03-17,Nelson,5358055,26000,1
2024-03-17,Northland,921286,65000,1
2024-03-17,Otago,6541542,161500,4
2024-03-17,Southland,5318751,58000,2
2024-03-17,Taranaki,5388377,100000,2
2024-03-17,Tasman,7846645,8300,1
2024-03-17,Waikato,956843,192000,2
2024-03-17,Wellington,5485190,459200,6
2024-03-17,West Coast,4084557,15000,2
2024-03-24,Auckland,4555990,1375900,5
2024-03-24,Bay of Plenty,3376803,202020,5
2024-03-24,Canterbury,5396501,449000,4
2024-03-24,Gisborne,4006723,37000,1
2024-03-24,Hawke's Bay,5353958,135000,2
2024-03-24,Manawatu-Whanganui,5140569,155700,3
2024-03-24,Marlborough,3206459,31000,1
2024-03-24,Nelson,1728351,86000,2
2024-03-24,Northland,116015,70000,2
2024-03-24,Otago,8186040,161500,4
2024-03-24,Southland,3354803,58000,2
2024-03-24,Taranaki,2937249,100000,2
2024-03-24,Tasman,1410709,8300,1
2024-03-24,Waikato,2642148,192000,2
2024-03-24,Wellington,9990644,459200,6
2024-03-24,West Coast,1540798,15000,2
2024-03-31,Auckland,3153752,1375900,5
2024-03-31,Bay of Plenty,5303318,202020,5
2024-03-31,Canterbury,7930006,449000,4
2024-03-31,Gisborne,7186352,37000,1
2024-03-31,Hawke's Bay,4210380,135000,2
2024-03-31,Manawatu-Whanganui,5552288,155700,3
2024-03-31,Nelson,3213441,26000,1
2024-03-31,Northland,2348090,70000,2
2024-03-31,Otago,3790527,161500,4
2024-03-31,Southland,2606316,58000,2
2024-03-31,Taranaki,4828367,100000,2
2024-03-31,Tasman,7149909,8300,1
2024-03-31,Waikato,1625684,192000,2
2024-03-31,Wellington,4177933,459200,6
2024-03-31,West Coast,1737216,15000,2
2024-04-07,Auckland,1389421,1235000,3
2024-04-07,Bay of Plenty,4759624,202020,5
2024-04-07,Canterbury,4981498,449000,4
2024-04-07,Gisborne,2186665,37000,1
2024-04-07,Hawke's Bay,6007234,135000,2
2024-04-07,Manawatu-Whanganui,1512970,155700,3
2024-04-07,Nelson,3516157,26000,1
2024-04-07,Northland,2442616,65000,1
2024-04-07,Otago,2447909,161500,4
2024-04-07,Southland,3522737,50000,1
2024-04-07,Taranaki,3097540,100000,2
2024-04-07,Tasman,820686,8300,1
2024-04-07,Waikato,417288,192000,2
2024-04-07,Wellington,5117608,459200,6
2024-04-07,West Coast,284495,15000,2
2024-04-14,Auckland,1437759,1375900,5
2024-04-14,Bay of Plenty,9327727,202020,5
2024-04-14,Canterbury,7403078,449000,4
2024-04-14,Gisborne,3278438,37000,1
2024-04-14,Hawke's Bay,5900715,135000,2
2024-04-14,Manawatu-Whanganui,3446649,155700,3
2024-04-14,Nelson,1194597,86000,2
2024-04-14,Northland,3865154,70000,2
2024-04-14,Otago,4072450,161500,4
2024-04-14,Southland,2825214,58000,2
2024-04-14,Taranaki,3192263,100000,2
2024-04-14,Tasman,1469452,8300,1
2024-04-14,Waikato,2215260,23000,1
2024-04-14,Wellington,3255307,459200,6
2024-04-14,West Coast,15370117,15000,2
2024-04-21,Auckland,1651275,1375900,5
2024-04-21,Bay of Plenty,4267375,202020,5
2024-04-21,Canterbury,4829543,449000,4
2024-04-21,Gisborne,729714,37000,1
2024-04-21,Hawke's Bay,7669344,135000,2
2024-04-21,Manawatu-Whanganui,2062060,155700,3
2024-04-21,Nelson,3682800,26000,1
2024-04-21,Northland,1961648,70000,2
2024-04-21,Otago,1741289,161500,4
2024-04-21,Southland,1159862,58000,2
2024-04-21,Taranaki,2544741,100000,2
2024-04-21,Tasman,385485,8300,1
2024-04-21,Waikato,2863752,192000,2
2024-04-21,Wellington,2853982,459200,6
2024-04-21,West Coast,1176057,15000,2
2024-04-28,Auckland,2415740,1375900,5
2024-04-28,Bay of Plenty,3170631,202020,5
2024-04-28,Canterbury,4194403,449000,4
2024-04-28,Gisborne,350146,37000,1
2024-04-28,Hawke's Bay,4765120,135000,2
2024-04-28,Manawatu-Whanganui,3507112,111200,2
2024-04-28,Nelson,2233958,86000,2
2024-04-28,Northland,605725,65000,1
2024-04-28,Otago,4862771,161500,4
2024-04-28,Southland,1358214,58000,2
2024-04-28,Taranaki,1784840,100000,2
2024-04-28,Tasman,3132651,8300,1
2024-04-28,Waikato,966548,192000,2
2024-04-28,Wellington,4805283,459200,6
2024-04-28,West Coast,1066974,15000,2
2024-05-05,Auckland,6386156,1375900,5
2024-05-05,Bay of Plenty,5807753,202020,5
2024-05-05,Canterbury,3609716,449000,4
2024-05-05,Gisborne,503397,37000,1
2024-05-05,Hawke's Bay,9611619,135000,2
2024-05-05,Manawatu-Whanganui,4137987,155700,3
2024-05-05,Nelson,5000545,26000,1
2024-05-05,Northland,3246345,70000,2
2024-05-05,Otago,2549423,161500,4
2024-05-05,Southland,4497197,58000,2
2024-05-05,Taranaki,3669895,100000,2
2024-05-05,Tasman,11690640,8300,1
2024-05-05,Waikato,1396496,192000,2
2024-05-05,Wellington,11244161,459200,6
2024-05-05,West Coast,3691565,15000,2
2024-05-12,Auckland,4451794,1375900,5
2024-05-12,Bay of Plenty,9141974,202020,5
2024-05-12,Canterbury,4096864,449000,4
2024-05-12,Gisborne,3898773,37000,1
2024-05-12,Hawke's Bay,4520816,135000,2
2024-05-12,Manawatu-Whanganui,10308488,155700,3
2024-05-12,Nelson,4437589,86000,2
2024-05-12,Northland,2282617,65000,1
2024-05-12,Otago,3079830,161500,4
2024-05-12,Southland,1020495,58000,2
2024-05-12,Taranaki,2720444,100000,2
2024-05-12,Tasman,5111535,8300,1
2024-05-12,Waikato,841171,192000,2
2024-05-12,Wellington,6077812,459200,6
2024-05-12,West Coast,2074694,15000,2
2024-05-19,Auckland,8303290,1375900,5
2024-05-19,Bay of Plenty,15787281,202020,5
2024-05-19,Canterbury,16193163,449000,4
2024-05-19,Gisborne,3802758,37000,1
2024-05-19,Hawke's Bay,13066778,135000,2
2024-05-19,Manawatu-Whanganui,13642417,155700,3
2024-05-19,Nelson,12327685,86000,2
2024-05-19,Northland,1871968,65000,1
2024-05-19,Otago,7590132,161500,4
2024-05-19,Southland,3828178,58000,2
2024-05-19,Taranaki,10477541,100000,2
2024-05-19,Tasman,13287404,8300,1
2024-05-19,Waikato,2359011,192000,2
2024-05-19,Wellington,14164401,459200,6
2024-05-19,West Coast,768566,15000,2
2024-05-26,Auckland,7597685,1375900,5
2024-05-26,Bay of Plenty,10878708,202020,5
2024-05-26,Canterbury,4930124,449000,4
2024-05-26,Gisborne,6375080,37000,1
2024-05-26,Hawke's Bay,10563120,135000,2
2024-05-26,Manawatu-Whanganui,14683129,155700,3
2024-05-26,Marlborough,13029460,31000,1
2024-05-26,Nelson,6626009,86000,2
2024-05-26,Northland,5929381,65000,1
2024-05-26,Otago,4793895,161500,4
2024-05-26,Southland,1657439,58000,2
2024-05-26,Taranaki,9304413,100000,2
2024-05-26,Tasman,19727308,8300,1
2024-05-26,Waikato,1234613,192000,2
2024-05-26,Wellington,12552871,459200,6
2024-05-26,West Coast,331446,10000,1
2024-06-02,Auckland,8984924,1255900,4
2024-06-02,Bay of Plenty,8712949,202020,5
2024-06-02,Canterbury,3184189,449000,4
2024-06-02,Gisborne,5784564,37000,1
2024-06-02,Hawke's Bay,16593757,135000,2
2024-06-02,Manawatu-Whanganui,4827374,155700,3
2024-06-02,Marlborough,9654314,31000,1
2024-06-02,Nelson,3562408,86000,2
2024-06-02,Northland,6323799,70000,2
2024-06-02,Otago,2386477,161500,4
2024-06-02,Southland,6273580,58000,2
2024-06-02,Taranaki,6621764,100000,2
2024-06-02,Tasman,20513185,8300,1
2024-06-02,Waikato,2077665,192000,2
2024-06-02,Wellington,7556537,459200,6
2024-06-02,West Coast,1901345,10000,1
2024-06-09,Auckland,8357180,1375900,5
2024-06-09,Bay of Plenty,8919656,202020,5
2024-06-09,Canterbury,10083453,449000,4
2024-06-09,Gisborne,4806017,37000,1
2024-06-09,Hawke's Bay,13761790,135000,2
2024-06-09,Manawatu-Whanganui,11554791,155700,3
2024-06-09,Nelson,6315989,26000,1
2024-06-09,Northland,97015,65000,1
2024-06-09,Otago,5049808,161500,4
2024-06-09,Southland,1944237,58000,2
2024-06-09,Taranaki,11595743,100000,2
2024-06-09,Tasman,10822210,8300,1
2024-06-09,Waikato,9564953,192000,2
2024-06-09,Wellington,11579063,459200,6
2024-06-09,West Coast,15480111,15000,2
2024-06-16,Auckland,6093507,1375900,5
2024-06-16,Bay of Plenty,8038838,202020,5
2024-06-16,Canterbury,9569524,449000,4
2024-06-16,Gisborne,2953354,37000,1
2024-06-16,Hawke's Bay,15061600,135000,2
2024-06-16,Manawatu-Whanganui,5150868,155700,3
2024-06-16,Marlborough,20351219,31000,1
2024-06-16,Nelson,10686497,86000,2
2024-06-16,Northland,16103562,65000,1
2024-06-16,Otago,2552908,161500,4
2024-06-16,Southland,16489977,58000,2
2024-06-16,Taranaki,4124478,100000,2
2024-06-16,Tasman,3803488,8300,1
2024-06-16,Waikato,1162599,192000,2
2024-06-16,Wellington,11916966,459200,6
2024-06-16,West Coast,1850165,15000,2
2024-06-23,Auckland,7417749,1060900,4
2024-06-23,Bay of Plenty,5767940,202020,5
2024-06-23,Canterbury,5701577,449000,4
2024-06-23,Gisborne,2007008,37000,1
2024-06-23,Hawke's Bay,6010868,135000,2
2024-06-23,Manawatu-Whanganui,6488814,155700,3
2024-06-23,Marlborough,4438126,31000,1
2024-06-23,Nelson,6687223,26000,1
2024-06-23,Northland,1241299,65000,1
2024-06-23,Otago,3730742,161500,4
2024-06-23,Southland,1487199,58000,2
2024-06-23,Taranaki,2774140,100000,2
2024-06-23,Tasman,3264648,8300,1
2024-06-23,Waikato,4442766,192000,2
2024-06-23,Wellington,4813148,459200,6
2024-06-23,West Coast,408787,15000,2
2024-06-30,Auckland,2573866,1060900,4
2024-06-30,Bay of Plenty,6072455,181000,4
2024-06-30,Canterbury,2026184,449000,4
2024-06-30,Gisborne,1011390,37000,1
2024-06-30,Hawke's Bay,4344507,135000,2
2024-06-30,Manawatu-Whanganui,8164680,155700,3
2024-06-30,Nelson,7938947,26000,1
2024-06-30,Northland,1264754,65000,1
2024-06-30,Otago,2546195,161500,4
2024-06-30,Southland,3259839,58000,2
2024-06-30,Taranaki,4035272,100000,2
2024-06-30,Waikato,1715665,192000,2
2024-06-30,Wellington,5496847,459200,6
2024-06-30,West Coast,367949,15000,2
2024-07-07,Auckland,2757149,1355000,4
2024-07-07,Bay of Plenty,4835961,124000,2
2024-07-07,Canterbury,2537210,396000,2
2024-07-07,Gisborne,2350534,37000,1
2024-07-07,Hawke's Bay,2901700,80000,1
2024-07-07,Manawatu-Whanganui,3400407,134500,2
2024-07-07,Nelson,2193111,26000,1
2024-07-07,Northland,5426558,65000,1
2024-07-07,Otago,2412976,124000,2
2024-07-07,Southland,1344374,50000,1
2024-07-07,Taranaki,2671778,88000,1
2024-07-07,Waikato,3145992,23000,1
2024-07-07,Wellington,4046286,455700,5
2024-07-14,Auckland,2462244,1355000,4
2024-07-14,Bay of Plenty,5455007,124000,2
2024-07-14,Canterbury,747747,396000,2
2024-07-14,Gisborne,783886,37000,1
2024-07-14,Hawke's Bay,6423752,80000,1
2024-07-14,Manawatu-Whanganui,4598255,134500,2
2024-07-14,Marlborough,5143692,31000,1
2024-07-14,Nelson,944326,26000,1
2024-07-14,Northland,1442515,65000,1
2024-07-14,Otago,2987134,124000,2
2024-07-14,Southland,2756628,50000,1
2024-07-14,Taranaki,6506086,88000,1
2024-07-14,Waikato,12886026,23000,1
2024-07-14,Wellington,6517784,455700,5
2024-07-21,Auckland,6328865,1355000,4
2024-07-21,Bay of Plenty,3673324,124000,2
2024-07-21,Canterbury,3841033,368000,1
2024-07-21,Gisborne,4914521,37000,1
2024-07-21,Hawke's Bay,3880275,80000,1
2024-07-21,Manawatu-Whanganui,13791788,90000,1
2024-07-21,Nelson,7302720,26000,1
2024-07-21,Otago,4469531,124000,2
2024-07-21,Southland,2767521,50000,1
2024-07-21,Taranaki,14420707,88000,1
2024-07-21,Waikato,4052748,23000,1
2024-07-21,Wellington,4120654,386000,3
2024-07-28,Auckland,2827969,1355000,4
2024-07-28,Bay of Plenty,2025922,124000,2
2024-07-28,Canterbury,2102532,368000,1
2024-07-28,Gisborne,1492902,37000,1
2024-07-28,Hawke's Bay,2963982,80000,1
2024-07-28,Manawatu-Whanganui,1704014,90000,1
2024-07-28,Nelson,1087030,26000,1
2024-07-28,Northland,721070,65000,1
2024-07-28,Otago,2313060,124000,2
2024-07-28,Southland,1914145,50000,1
2024-07-28,Taranaki,2294350,88000,1
2024-07-28,Waikato,2445620,23000,1
2024-07-28,Wellington,2694402,386000,3
2024-08-04,Auckland,2633147,1355000,4
2024-08-04,Bay of Plenty,2384387,124000,2
2024-08-04,Canterbury,4291578,368000,1
2024-08-04,Gisborne,1243872,37000,1
2024-08-04,Hawke's Bay,978674,80000,1
2024-08-04,Manawatu-Whanganui,1805239,90000,1
2024-08-04,Nelson,2642825,26000,1
2024-08-04,Northland,2650035,65000,1
2024-08-04,Otago,2623411,124000,2
2024-08-04,Southland,2093264,50000,1
2024-08-04,Taranaki,2770194,88000,1
2024-08-04,Waikato,1652428,23000,1
2024-08-04,Wellington,1656259,386000,3
2024-08-11,Auckland,5529182,1355000,4
2024-08-11,Bay of Plenty,4898140,124000,2
2024-08-11,Canterbury,2513508,368000,1
2024-08-11,Hawke's Bay,1841218,80000,1
2024-08-11,Manawatu-Whanganui,19089791,90000,1
2024-08-11,Nelson,3769610,26000,1
2024-08-11,Northland,208398,65000,1
2024-08-11,Otago,3465115,124000,2
2024-08-11,Southland,866400,50000,1
2024-08-11,Taranaki,9761505,88000,1
2024-08-11,Waikato,758614,23000,1
2024-08-11,Wellington,5162719,386000,3
2024-08-18,Auckland,1331039,1355000,4
2024-08-18,Bay of Plenty,1383751,59000,1
2024-08-18,Canterbury,978540,368000,1
2024-08-18,Otago,1443957,124000,2
2024-08-18,Wellington,1721976,386000,3
2024-08-25,Auckland,3802620,1355000,4
2024-08-25,Bay of Plenty,3298828,59000,1
2024-08-25,Canterbury,2198322,368000,1
2024-08-25,Otago,4618715,124000,2
2024-08-25,Wellington,2098781,386000,3
2024-09-01,Auckland,2010997,1355000,4
2024-09-01,Bay of Plenty,920206,59000,1
2024-09-01,Otago,823543,124000,2
2024-09-01,Wellington,1235248,386000,3
